:020000040800F2
:10000000886B0020D1030008215300081104000868
:100010001D530008E5200008B56800080000000036
:1000200000000000000000000000000011030008B4
:100030006F260008000000006D030008A9530008A7
:10004000EB030008EB030008EB030008EB030008D8
:10005000EB030008EB030008EB030008EB030008C8
:10006000EB030008EB030008EB030008EB030008B8
:10007000EB030008EB030008EB030008552500081C
:10008000EB030008EB030008EB030008EB03000898
:10009000E9200008EB030008EB030008EB0300086D
:1000A000EB030008EB030008EB030008EB03000878
:1000B000EB030008EB030008EB030008EB03000868
:1000C000EB030008EB030008EB030008EB03000858
:1000D000EB030008615D0008EB030008EB03000878
:1000E000EB030008EB030008EB030008EB03000838
:1000F000A554000895540008EB030008EB03000822
:10010000EB030008EB030008EB030008EB03000817
:1001100001580008EB030008EB030008EB0300089C
:10012000EB030008EB030008EB030008EB030008F7
:10013000EB0300080000000000000000EB030008D3
:10014000F9200008EB030008EB030008EB030008AC
:10015000EB030008EB030008EB030008EB030008C7
:10016000EB030008EB030008EB030008EB030008B7
:10017000EB030008EB030008EB030008000000009D
:1001800000000000EB030008000000000000000079
:10019000EB0300080000000000000000EB03000873
:1001A000000000000000000000000000EB03000859
:1001B000EB030008EB030008EB030008EB03000867
:1001C000EB03000800F002F800F092F80AA090E8B3
:1001D000000C82448344AAF10107DA4501D100F002
:1001E00087F8AFF2090EBAE80F0013F0010F18BF3D
:1001F000FB1A43F001031847D4C30000F4C3000006
:10020000103A24BF78C878C1FAD8520724BF30C842
:1002100030C144BF04680C60704700000023002414
:1002200000250026103A28BF78C1FBD8520728BF06
:1002300030C148BF0B6070476E2900F0AE85702951
:1002400000F0B98266290BF0258365290BF0228323
:1002500067290BF01F8361290BF01E8303681B0ABB
:1002600028BF41F08001692900F0EC81642900F089
:10027000E981752900F0E6816F2900F05E86782912
:1002800000F08582E92900F01982E42900F0168245
:10029000F52900F01382EF2900F05B86F82900F0C1
:1002A00084820368DB0928BF41F08001632900F0E4
:1002B000B885732900F0BD85E32901F0ED81F329AC
:1002C00001F0F281002070471FB50BF0DEFA01F05B
:1002D0003DFA0400002000210BF04EF9401C606044
:1002E000002000210BF032F9E0601FBD10B510BDF9
:1002F00001F0FEF91146FFF7E7FF08F075FD01F088
:10030000DBFA03B4FFF7F2FF03BC06F06DFB00005D
:100310002C4B19680868B0E8F04F80F30988BFF3E8
:100320006F8F4FF0000080F31188704700000000CD
:1003300008480068006880F308884FF0000080F3E8
:10034000148862B661B6BFF34F8FBFF36F8F00DFC3
:1003500000BF00BF08ED00E0DFF80C00016841F4C9
:1003600070010160704700BF88ED00E0EFF3098085
:10037000BFF36F8F134B1A681EF0100F08BF20EDEC
:10038000108A20E9F04F106009B44FF0500080F35C
:100390001188BFF34F8FBFF36F8F0AF0A5F94FF0AD
:1003A000000080F3118809BC19680868B0E8F04FB4
:1003B0001EF0100F08BFB0EC108A80F30988BFF35D
:1003C0006F8F704770000020EFF3058070470000CA
:1003D0000948804709480047FEE7FEE7FEE7FEE7D9
:1003E000FEE7FEE7FEE7FEE7FEE7FEE70448054915
:1003F000054A064B7047000079540008C501000803
:10040000885F0020886B00208863002088630020BC
:100410007046694607F06CFAFFF7FEFF704753EA33
:10042000020C00F069802DE9F04B4FF00006002B24
:100430001FBFB3FA83F503FA05F424FA05F65E400C
:1004400012BF1643B2FA82F502FA05F4C5F120058F
:100450001EBF22FA05FC44EA0C04203556EA044C7F
:100460004FEA144418BF641C4FF000084FF0000915
:10047000904271EB030C39D3002919BFB1FA81F70F
:1004800001FA07F6B0FA80F700FA07F6C7F120077D
:100490001EBF20FA07FC46EA0C062037B6FBF4FC28
:1004A000A7EB0507103F07F01F0BCBF120060CFA56
:1004B0000BFB2CFA06F644BFB3460026202FA4BF40
:1004C0005E464FF0000B5BEA060C08BF4FF0010BD5
:1004D00019EB0B09ABFB027C48EB0608C01B06FBC3
:1004E00002CC0BFB03CC71EB0C01C1E70B460246BF
:1004F00041464846BDE8F08B13B54FF000004FF081
:100500000001AFF30080BDE81C4070477CB51D467C
:1005100016460C00009001D02044401E074B7B443F
:100520002A4669460190304600F051FC05461CB150
:100530000020694600F05EFC28467CBDDD08000016
:100540000FB41CB5084B06AA7B4469460090059879
:1005500000F03DFC04460020694600F04BFC2046BC
:100560001CBC5DF814FB0000A90800000FB47CB5AA
:100570000C0009AA009001D02044401E084B7B4487
:1005800069460190089800F022FC05461CB1002045
:10059000694600F02FFC28467CBC5DF814FB000087
:1005A0007D08000070B5044685690068C10601D564
:1005B000302600E02026C00707D070BDD4E9012115
:1005C00030469047206A401C20626D1EF6D570BDF3
:1005D00070B5044685690078C00707D170BDD4E9BD
:1005E000012120209047206A401C20626D1EF6D514
:1005F00070BD70B50C460546012A05D028788006E6
:1006000000D5EA69002302E0012305E05B1C934268
:1006100002D2E05C0028F9D1A869E618C01AA861E6
:10062000286A184428622846FFF7BCFF04E0D5E991
:10063000012114F8010B9047B442F8D32846FFF784
:10064000C7FF70BD2DE9F0410646002410687529EA
:10065000314616A510D000F035FB002802DA4042E2
:1006600013A507E031688A0701D512A502E0490702
:1006700004D511A5012401E000F02DFB00210A2280
:1006800006F1240709E0B0FBF2FCB0FBF2F302FB39
:100690001C00303078541846491C0028F3D12346FA
:1006A0002A463046BDE8F04100F01EBB00000000C5
:1006B0002D0000002B000000200000002DE9F0417B
:1006C0008046D21D22F007020025D2E90002F5295A
:1006D00015A614D0011E72F1000106DA0023D0EB3A
:1006E000030063EB020211A608E0D8F800108B07A4
:1006F00001D50FA602E0490701D50EA60125114636
:10070000002408F1240704E000F097FA30323A554B
:10071000641C50EA0102F7D12B463246214640467E
:10072000BDE8F04100F0E0BA000000002D0000003C
:100730002B00000020000000F0B40D4601880905E0
:1007400002D5214C7C4402E01F4C7C440E34002135
:1007500000F1240608E002F00F071209E75D42EA03
:1007600003721B097754491C52EA0307F3D102783C
:100770000023120704D5702D06D009B102231134CD
:100780002246F0BC00F0B0BA01231034F8E770B58F
:1007900004460D462146106800F09DFA024629469F
:1007A0002046BDE870400023C6E7D21D22F00703B3
:1007B000D3E90023C0E70368126843F02003036015
:1007C0000823C3610023B7E747B400002DE9F05FB9
:1007D000894604464FF0000ADFF874B1FB44C0F8C4
:1007E00020A02046E1688847002874D0252806D03C
:1007F000D4E901219047206A401C2062F1E70026DD
:100800005F462046E16888472028054607DB312DF2
:1008100005D2781910F8200C08B10643F1E7B007AB
:1008200001D526F00406C4F81CA00027C4F818A0BF
:100830002A2D09D0284606F0D0F838B304EB8708F3
:10084000303DC8F8185019E059F8041B204604EB55
:1008500087029161E1688847012F054618D1E06958
:10086000002820DA26F020061DE0D8F8180000EB5A
:10087000800005EB40003038C8F818002046E168D9
:100880008847054606F0A9F80028EED1012F0AD0C6
:100890002E2D08D12046E16888477F1C0546022F8F
:1008A00046F02006C4DBA069002803DA404246F087
:1008B0000106A061F00701D026F010066C2D0BD0C8
:1008C000682D09D04C2D39D06A2D35D0742D35D0F6
:1008D0007A2D33D016E038E0E1682F46204688476D
:1008E000B842054609D16C2F26D04FF48060E168EC
:1008F000064320468847054604E06C2F1AD04FF483
:10090000807006430DB3A5F14100192802D82035A7
:1009100046F400664A462946204626604E46FFF7C2
:100920008BFC80B101280BD0F61D26F0070000F1EA
:10093000080956E74020E4E78020D8E70020D6E702
:1009400006F104094DE7284652E7206ABDE8F09F0A
:10095000D7B3000030B505460B462A4613F8014BC5
:1009600012F8010B08B1A042F8D01CB1002802D047
:100970006D1CF1E7284630BD10B5431C02E010F8AD
:10098000011B71B18107FAD14FF0013202C88C1AF4
:100990008C4314EAC211F9D0C01A0A0603D0C01E53
:1009A00010BDC01A10BD0A0401D0801E10BD09027E
:1009B000FCD0401E10BD40EA010370B59B072ED14C
:1009C0004FF00136042A2AD308C810C99D1B9D4345
:1009D000121F15EAC61517D0D8B2E1B2401A50EA74
:1009E000056110D198B2A1B2401A50EA05410AD16E
:1009F00023F07F4024F07F41401A50EA052102D1C4
:100A0000180EA0EB146070BDA342DBD018BA21BA57
:100A1000884201D9012070BD4FF0FF3070BD0AB986
:100A2000002070BD10F8013B11F8014B63B1A342E7
:100A30000AD1521E08D010F8013B11F8014B1BB12E
:100A4000A34201D1521EEDD1181B70BD032A40F202
:100A5000308010F0030C00F0158011F8013BBCF160
:100A6000020F624498BF11F801CB00F8013B38BF78
:100A700011F8013BA2F1040298BF00F801CB38BF86
:100A800000F8013B11F0030300F02580083AC0F0A4
:100A9000088051F8043B083A51F804CBA0E808104C
:100AA000F5E7121D5CBF51F8043B40F8043BAFF37F
:100AB0000080D20724BF11F8013B11F801CB48BFD9
:100AC00011F8012B24BF00F8013B00F801CB48BF0F
:100AD00000F8012B704710B5203AC0F00B80B1E848
:100AE0001850203AA0E81850B1E81850A0E8185063
:100AF000BFF4F5AF5FEA027C24BFB1E81850A0E86C
:100B0000185044BF18C918C0BDE810405FEA827C85
:100B100024BF51F8043B40F8043B08BF7047D2079C
:100B200028BF31F8023B48BF11F8012B28BF20F83D
:100B3000023B48BF00F8012B704702F0FF0343EA75
:100B4000032242EA024200F002B84FF000020429F8
:100B5000C0F0128010F0030C00F01B80CCF1040CEC
:100B6000BCF1020F18BF00F8012BA8BF20F8022B20
:100B7000A1EB0C0100F00DB85FEAC17C24BF00F8C6
:100B8000012B00F8012B48BF00F8012B70474FF0F4
:100B9000000200B5134694469646203922BFA0E8CD
:100BA0000C50A0E80C50B1F12001BFF4F7AF0907D9
:100BB00028BFA0E80C5048BF0CC05DF804EB8900CA
:100BC00028BF40F8042B08BF704748BF20F8022B0D
:100BD00011F0804F18BF00F8012B704710B5044684
:100BE00010F0030F08BF11F0030F40F015804FF015
:100BF000013E121FC0F20E8051F8043BA3EB0E0C15
:100C00002CEA030C1CEACE1C08BF40F8043BF0D0D1
:100C1000A1F1040102F10402521E08DB11F8013BAC
:100C2000002B00F8013BF7D11146FFF78EFF20465D
:100C300010BD704770477047704730B5B0F10A0279
:100C40004FEA900E71F100034EEA817EB0EB0E0088
:100C500061EB91014FEA101E4EEA017E10EB0E008F
:100C600041EB11114FEA102E4EEA016E10EB0E000F
:100C700041EB11214FEA104E4EEA014E10EB0E00EF
:100C800041EB1141401841F100014FEAD00040EA28
:100C900041704FEAD10110EB80054FEA810444EA2C
:100CA000907444EB01046D1944EB0404521BA341FE
:100CB0004FF0000348BF0A3200D530BD401C41F15F
:100CC000000130BD09684A0501D540B27047C90529
:100CD000FCD500B2704709684A0501D5C0B270471B
:100CE000C905FCD580B270472DE9F0470D469946FD
:100CF0009246044600F124080168880604D5E0699C
:100D000021F01001216000E00120A84201DD471B15
:100D100000E00027A1697A1902EB0900081AA06116
:100D20002078C00602D42046FFF73CFC002608E0ED
:100D3000D4E901211AF806009047206A401C761C6D
:100D400020624E45F4DB2078C0060AD52046FFF726
:100D500029FC06E0D4E9012130209047206A401C9C
:100D60002062381EA7F10107F4DC07E0D4E9012175
:100D700018F805009047206A401C2062281EA5F143
:100D80000105F3DC2046FFF723FC2078000602D59E
:100D90000220BDE8F0870120FBE711680268006AC5
:100DA000530501D508700AE0D30501D5088006E097
:100DB000130603D5C217C1E9000200E00860012054
:100DC0007047000001694A1C02610878704700B54D
:100DD0008FB0CDE901310021059105497944CDE974
:100DE000031011466846FFF7F1FC0FB000BD00008C
:100DF000E5FFFFFF0A6802F8010B0A607047D1E9BE
:100E000000239A4202D2531C0B601070704710B539
:100E1000436913B1AFF3008001E0FFF7EAFB012063
:100E200010BD127800F124010A7000224A700122DC
:100E3000EDE711684FF0FF32E9E700002DE9FF5FB1
:100E400015468A460446DFF8AC80F8440027D8E906
:100E500000103E46CDE9001010E03AF816106A4640
:100E600002A800F025FC411C07D02178890603D593
:100E7000E269391891420DD80744761C2078800623
:100E800002D5E069B84205DDAE42E6DB3AF816006D
:100E90000028E2D1A069C01BA0612046FFF782FBB9
:100EA000D8E90010CDE90010002017E03AF818103A
:100EB0006A4602A800F0FCFBB0F1FF3F81460BD070
:100EC00000250DF1080B05E0D4E901211BF8050010
:100ED00090476D1C4D45F7D308F10100B0428046A4
:100EE000E4DB206A384420622046FFF771FBBDE84E
:100EF000FF9F00007AAD000030B4002100F124040F
:100F000008E002F00705D208303542EA4372DB08F8
:100F10006554491C52EA0305F3D10468002310A26A
:100F2000250707D5A40600D421B1C46901230DA269
:100F3000641EC46130BCFFF7D7BE10B5044621461D
:100F40001068FFF7C8FE02462046BDE810400023A7
:100F5000D2E7D21D22F00701D1E90023CCE700003F
:100F6000000000003000000070472DE9FF4F0C46E4
:100F70001E464FF0FF378BB0D2E90001DDF86080EC
:100F80000A908A46C1F30A5505B93D460021084634
:100F90004FF00000BAF1000F00F4400005DA00EB5A
:100FA00080004FF4400101EA50004FEA9059B9F136
:100FB000010F00DDB9460A9850EA4A000ED044F607
:100FC0001050A5F2FF3545432F14B8F1000F1ED085
:100FD0007542291E1EDDC9F100021CE0B8F1010FA7
:100FE0004FF0000001D0302103E0F24305E021542E
:100FF000401CB042FBDB30460022002121540B99FB
:10100000C1F80880C1E900200FB0BDE8F08FBD1B1A
:101010006D1CDEE74A4600DA694206A800F0DAFBFA
:1010200006AB93E8070003AB83E8070050460A9934
:1010300000F090FC8DE80700A0F500501F380090EC
:101040000398002D0ADD42F21F014A46084400239E
:1010500003A90390684600F0F9FE09E0A0F50050EE
:101060004A461F38002303A90390684600F003FF97
:101070008DE807000004000C03D04FF0FF3041085A
:1010800000E01046B8F1000F03D000220092154690
:101090001EE0751E05D4FFF7D0FD303262556D1E7F
:1010A000F9D5B3460122084302D000227F1C04E098
:1010B0002078302801D100227F1E002A099784D091
:1010C0001DE0112D07DAFFF7B8FD303262556D1CB7
:1010D00050EA0102F5D1084302D00098C8B10EE0F1
:1010E0000021681E05E0235C625C63542254401EAC
:1010F000491C8142F7DBAB46A81B401E099000202B
:1011000004F80B000B98099AC0F80880C0E9002B7E
:101110007AE711264FF0000857E72DE9F04F88468F
:101120000446D21D22F0070191B0D1E90001CDE9BA
:101130000A0105F0C1FB02460B98C00F01D02D201B
:1011400007E02068810701D52B2002E0202101EA79
:10115000C000032A099001D0072A05DB0346414657
:10116000204600F0F7FA0BE12078800601D5E0690F
:1011700000E00620B8F1650F814606D0B8F1660F91
:1011800018D0B8F1670F70D131E00020B9F1110F1C
:10119000009001DB112301E009F101030AAA01A972
:1011A0000CA8FFF7E2FEDDE90C70002609F101054D
:1011B000834647E001204B4600904FF000470AAAC3
:1011C00001A90CA8FFF7D1FEDDE90DB00C995D4631
:1011D000002610B909F101000D18B9EB050003D480
:1011E000C0F1FF3609F10105A5EB09002BE0B9F1CB
:1011F000010F01DA4FF001090020B9F1110F009041
:10120000484601DD112300E003460AAA01A90CA803
:10121000FFF7ABFEDDE90C704D46002683462078D3
:1012200000070AD4AB4500DA5D4601A8012D04DDB4
:10123000411911F8011C302907D04F4502DA17F186
:10124000040F04DA012082460FE06D1EEEE7002F46
:1012500002DCED1B3E4403E0781CA84200DD7D1C4F
:10126000B81B00F1010A4FF000472078000703D4B3
:10127000AA4501DB4FF0FF3A0021B7F1004F0DF115
:1012800043088DF8431024D002202B23002F01DACD
:101290007F422D230A21021EA0F1010000DC5FB174
:1012A00097FBF1FC97FBF1F201FB1C7C17460CF15C
:1012B000300C08F801CDEEE7A8F101000370218899
:1012C000090501D5452100E06521A0F1010800F8DC
:1012D000011C09980FA9A1EB0807FF1D00B101200F
:1012E000411901EBEA70A1693844081A401EA06157
:1012F0002078C00602D42046FFF754F9099828B197
:10130000D4E901219047206A401C20622078C00661
:1013100022D52046FFF746F91EE0002E04DBB34538
:1013200002DD01A8805D00E03020D4E90121904772
:10133000206A401C2062761CAAF101005FEA000AC4
:101340000AD100F003FAC0680168405CD4E90121C9
:101350009047206A401C2062281EA5F10105DCDCB4
:1013600007E0D4E9012118F8010B9047206A401CDE
:101370002062381EA7F10107F3DC2046FFF728F9A9
:10138000032011B041E600002DE9F04F04460D4660
:10139000D21D22F0070089B0D0E9009748463946AF
:1013A00005F08AFA0246F80F01D02D2307E02068E5
:1013B000810701D52B2302E0202101EAC0038DF82B
:1013C00020300BB1012000E00020032A824601D02A
:1013D000072A04DB2946204600F0BCF93FE12078CB
:1013E000800601D40D2500E0E569C7F30A560D2DEE
:1013F00049DA00214FEA175B08464FF00000002F42
:1014000000F4400007DA00EB80004FF4400100EBED
:10141000D07001EA60008115012901DD4FF0FF3134
:1014200000224FEA850CBCF1180F06D31346ACF12D
:1014300018004FF08052C24003E04FF4801323FAAB
:101440000CF30CF10C0CBCF1200F04D3ACF1200C0C
:1014500009FA0CF001E007FA0CF000294FF00048FF
:1014600001DD18B90FE00ED140450CD319EB02098C
:101470005F4121B9404502D19F4329EA0209BBEBF4
:10148000175F00D0761C2088000502D57B48784481
:1014900002E07A487844193808AA302302F80A3062
:1014A000037C0AF10101002E0AF1020A53546A4634
:1014B00002DC4FF0300101E04FF031014FF0010844
:1014C0008DF8001002D0A6F2FF3603E059EA47017A
:1014D00000D06B4E002D02DC2178090704D54FF0B7
:1014E00002082E218DF80110C44600210BE0C7F33D
:1014F00003433F01C35C491C6D1E02F808300529F7
:1015000008F1010801DA002DF1DC00210CE000EB0C
:101510001973491C1B786D1E082902F808304FEA20
:10152000091908F1010801DA002DF0DC21688B06A9
:1015300002D516E0A8F10108E04505DD02EB08033D
:1015400013F8013C302BF5D0B8F1000F09DD02EBA8
:10155000080313F8013C2E2B03D1090701D4A8F18D
:101560000108002D05DD3E2102F808106D1E08F16E
:101570000108407C002E02F8080008F1010804DA96
:101580002D20764202F8080002E02B2002F8080025
:101590000A214FF47A70864208F101080BDB96FBB2
:1015A000F0F3303302F8083096FBF0F308F101084D
:1015B00000FB136601E0642E0CDB642096FBF0F365
:1015C000303302F8083096FBF0F308F1010800FB15
:1015D000136601E00A2E06DB96FBF1F0303002F8CC
:1015E000080008F1010896FBF1F001FB10603030B3
:1015F00002F80800A16908F1010808EB050202EBF6
:101600000A00081AA0612078C00602D42046FEF71E
:10161000C9FF216A08AE01EB0A00206204E0D4E9A8
:10162000012116F8010B9047BAF1010AF7D2207890
:10163000C00602D52046FEF7B5FF6E4609E016F853
:10164000010B3E280FD0D4E901219047206A401CAD
:101650002062B8F10108F2D22046FEF7B9FF09B0C6
:101660000320BDE8F08F206A2844206203E0D4E91B
:101670000121302090476D1EEBD3F8E751A7000001
:1016800002FCFFFF10B5436913B1AFF3008001E026
:10169000FFF7D4FB012010BD128800F124018284E1
:1016A0000022C2840122EDE711684FF0FF32E9E722
:1016B00070B516460C46054600F040F8036893F8EE
:1016C0000101012806D0FF2C0FD8185D68B1012058
:1016D0002C7070BDD3F807013246214603F2071380
:1016E00003442846BDE8704018474FF0FF3070BDF6
:1016F000754600F0EBF8AE4605006946534620F00B
:101700000700854618B020B5FEF770FEBDE8204002
:101710004FF000064FF000074FF000084FF0000BAD
:1017200021F00701AC46ACE8C009ACE8C009ACE860
:10173000C009ACE8C0098D467047000010B500F044
:1017400005F8001D10BD00BF319E00000048704725
:10175000445F00202DE9F0411F460446032601683E
:10176000072A01F4006004DB08B116A505E016A500
:1017700003E008B115A500E015A521F010002060D8
:10178000A069C01EA0610FB1401EA0612046FEF7F7
:1017900009FF4FB1D4E9012138469047206A401C27
:1017A0002062C01C206206E0206AFAE7D4E9012129
:1017B00015F8010B9047761EF8D22046FEF708FF79
:1017C000BDE8F0814E414E006E616E00494E46000C
:1017D000696E66002DE9F047814616468AB03548A5
:1017E00078440DC88DE80D0032487844801C03AC65
:1017F0000DC884E80D0041F69B300844372190FB6A
:10180000F1F290FBF1F5A5F1800501FB12041B3C00
:1018100002D56442012000E00020DFF898A0804655
:101820000027FA44AAF1BE0A0EE0E0070AD03246C9
:10183000684607EB470101230AEB810100F01BFB1F
:101840008DE8070064107F1C002CEED1194F7F44F7
:10185000AE3F19E0E80715D007EB04100DF1180AA8
:1018600090E80E008AE80E00C068F04201D1981995
:1018700008903246012306A903A800F0FCFA03AB46
:1018800083E807006D10641C002DE3D14FF00103C5
:1018900032466946B8F1000F03A802D000F0D6FA2C
:1018A00001E000F0E8FAC9E90001C9F808200AB02F
:1018B000BDE8F08790A4000010B50446AFF30080A7
:1018C0002046BDE81040FEF71CBD000000487047F0
:1018D000245F00204FF0013C50F8042B51F8043BEA
:1018E0009A4221D1A2EB0C03934313EACC1317D1F4
:1018F00050F8042B51F8043B9A4215D1A2EB0C038B
:10190000934313EACC130BD150F8042B51F8043B4A
:101910009A4209D1A2EB0C03934313EACC13DBD018
:101920004FF00000704700BFD01A01BAB1FA81F140
:1019300001F0180122FA01F0CB40C1F12001DBB225
:10194000C0B2C01A2CFA01F3D11A914311EAC311A3
:10195000E6D170475FEA400C08BF91F0000F4FEAF4
:101960008C234FEAC12243EA51514FEA1C5018BF61
:1019700000F5F0404FEA300018BF41F000415FEA47
:101980006C5C00F02980BCF1FF3F08BF40F0804054
:101990007047130C06BF12044FF0100C4FF0000CF0
:1019A000130E04BF12020CF1080C130F04BF120136
:1019B0000CF1040C930F04BF92000CF1020CD30F36
:1019C00004BF52000CF1010C11464FF00002A0F1CF
:1019D0001F00A0EB0C00704711F0004F08BF7047CC
:1019E00031F000413FF4D5AF0B0C06BF09044FF0B6
:1019F000100C4FF0000C0B0E04BF09020CF1080C88
:101A00000B0F04BF09010CF1040C8B0F04BF8900FC
:101A10000CF1020CCB0F04BF49000CF1010CCCF10E
:101A20002003A0EB0C0022FA03F302FA0CF241EAC5
:101A3000030100F10100704720F07F4C80EA0300B1
:101A400023F07F47ACEB070303F57C5300F0004025
:101A500003F1FF032DE980494FEA154B09B44FEA22
:101A6000144325EA0B4E24EA03480FF2042606EB42
:101A7000132749083E785FEA320203FB0667C7F581
:101A8000000707FB06F64FEA54374FEAD64606F141
:101A9000020607FB066CCCF1005C4FEA1C472CEAFF
:101AA000074C07FB06F40CFB06F504EB15464FEA62
:101AB000961634BF00204FF000404FEAD13706FBA6
:101AC00007FC4FEA1C4C0CFB0BF7D21B03FB0CF77B
:101AD00061EB07010CFB0EF7B0EB074072EB17420E
:101AE0000CFB08F734BFA2EB0742B2EB074261EBF5
:101AF00017414FEA0C444FEA910706FB07FC4FEAF7
:101B00001C4C0CFB0BF7B0EBC74072EB573203FBDE
:101B10000CF734BFA2EBC742B2EBC74261EB5731BF
:101B20000CFB0EF7B0EBC70072EB57720CFB08F71B
:101B300034BFA2EBC702B2EBC70261EB5771039F40
:101B40004FEA816141EA921104EBCC044FEAD137AC
:101B50004FEA826206FB07FC42EA90124FEA80607D
:101B60004FEA1C4C0CFB0BF7D21B03FB0CF761EB91
:101B700007010CFB0EF7B0EB074072EB17420CFBB2
:101B800008F734BFA2EB0742B2EB074261EB174103
:101B90004FEA8C554FEA910704EB9C2406FB07FCA7
:101BA0004FEA1C4C0CFB0BF7B0EBC74072EB573203
:101BB00003FB0CF734BFA2EBC742B2EBC74261EBA9
:101BC00057310CFB0EF7B0EBC70072EB57720CFBF2
:101BD00008F734BFA2EBC702B2EBC70261EB577143
:101BE00015EB4C254FEA816141EA92114FEA82627E
:101BF0004FEAD13742EA901206FB07FC44F1000499
:101C00004FEA80604FEA1C4C0CFB0BF7D21B03FB26
:101C10000CF761EB07010CFB0EF7B0EB074072EB22
:101C200017420CFB08F734BFA2EB0742B2EB0742A6
:101C300061EB174115EB1C154FEA813141EA9241E6
:101C40004FEA823242EA90424FEA80304FEA0C7605
:101C500044F1000448EA03434EEA0B484FF0000EFB
:101C6000B2EB080C71EB030724BF624639464EEB1A
:101C70000E0E4FF0000B0018524149414BEB0B0B7D
:101C8000B2EB080C71EB03077BF1000B24BF62463B
:101C900039464EEB0E0E4FF0000B001852414941F1
:101CA0004BEB0B0BB2EB080C71EB03077BF1000B5A
:101CB00024BF624639464EEB0E0E51EA020718BFAA
:101CC00046F0010616EB0E7655F1000254F10001C4
:101CD00003D5BDE88901BDE80088BDE88901BDE8FC
:101CE0000048B619524141EB0101A3F101037047CD
:101CF00080807F7E7D7C7B7A797877767675747349
:101D0000727171706F6E6E6D6C6C6B6A6A69686807
:101D1000676666656464636362616160605F5F5E9D
:101D20005E5D5D5C5C5B5B5A5A5959585857575613
:101D30005655555554545353525252515150505078
:101D40004F4F4F4E4E4D4D4D4C4C4C4B4B4B4A4ACA
:101D50004A4949494848484747474746464645450E
:101D60004544444444434343434242424241414147
:101D7000002B9C4630D477002BD01CB54FEA370798
:101D800003B44FF010004FF01001BAF1000F06D06D
:101D9000BCF1000FDCBF40F0080040F008014FF03C
:101DA00000000FBCBDE810400BF1010BBBF1010FAF
:101DB00008BF5FEA170722BF12F1010211F101010A
:101DC0004FF0004143F1000300F0004043EA0000FF
:101DD0007047F9D35708D0E746EA064613F1400F9B
:101DE0004FEA16461FDD13F1200FDFBF16430A46E8
:101DF000002120335B42BED0C3F1200746EA0646ED
:101E000002FA07F74FEA164646EA0706C3F120072B
:101E100022FA03F201FA07F721FA03F14FF0000367
:101E200042EA0702A7E746EA020646EA06464FEA02
:101E3000164646EA0106BCBF46EA0646360C4FF097
:101E400000034FF000024FF0000194E72DE9804CB1
:101E50009A46934670B491E8380007C831EA400CBE
:101E600048BF34EA430C03D5FFF7E6FDFFF780FFD8
:101E7000F0BCBDE8008C2DE9804C9A46934670B4C6
:101E800091E8380007C810F0804F08BF13F0804F6A
:101E900003D100F005F8FFF76BFFF0BCBDE8008C44
:101EA00020F07F4780EA030023F07F4C07EB0C0310
:101EB000A3F57C5300F00040A3F1FE0392F0000F65
:101EC00000F0B38095F0000F00F077802DE9014914
:101ED0004FEA11404FEA144621EA004800FB06FC95
:101EE00024EA064708FB06F607FB08F800FB07F79D
:101EF00018EB06484CEB164C4FEA124B18EB074810
:101F00004FEA15464CEB174022EA0B4E0BFB06FC42
:101F100025EA06470EFB06F607FB0EFE0BFB07F74E
:101F20001EEB064E4CEB164C4FF000061EEB074E18
:101F30004CEB174B18EB0B0840F1000018EB0E0BA5
:101F400058EB000840F100008F1A4FF000013CBF31
:101F5000C943661B14BFB5EB040C00213CBFC94349
:101F6000F61B4FEA17444EEA8E0E27EA04454FEA65
:101F70001C4704FB07622CEA074C05FB07F70CFB28
:101F800005F604FB0CFC16EB074642EB174216EB7A
:101F90000C4642EB1C421BEB060658EB0202414189
:101FA00046EA9E0601D5BDE80189B619524141EBCA
:101FB0000101A3F10103BDE801894FEA14454FEA8D
:101FC000114724EA054621EA074C05FB07F406FB06
:101FD00007F70CFB06F105FB0CFC11EB074144EB8A
:101FE00017444FEA124711EB0C4144EB1C4422EA20
:101FF000074C05FB07F206FB07F70CFB06F605FB93
:102000000CFC16EB074642EB174216EB0C4642EB74
:102010001C456A1854F1000148BF7047B619524177
:1020200041EB0101A3F10103704795F0000F37D098
:102030004FEA11424FEA144721EA024624EA074CCC
:1020400002FB07F106FB07F70CFB06F402FB0CFC96
:1020500014EB074441EB17414FEA154714EB0C44CE
:1020600041EB1C4125EA074C02FB07F506FB07F78D
:102070000CFB06F602FB0CFC16EB074645EB17457E
:1020800016EB0C4645EB1C42121951F1000148BFFA
:102090007047B619524141EB0101A3F101037047AA
:1020A0004FEA14454FEA114724EA054621EA074C56
:1020B00005FB07F106FB07F70CFB06F24FF00006E5
:1020C00005FB0CFC12EB074241EB174112EB0C42F3
:1020D00051EB1C4148BF7047921841EB0101A3F13D
:1020E0000103704700BFFEE710B5024800F0D9FCBD
:1020F00010BD0000D40A002010B5024800F0D1FC49
:1021000010BD0000FC0A002010B500F07FF8074861
:1021100000F08FFF0221054800F0ADFA044800F0FE
:1021200088FF0221024800F0A6FA10BDD40A002060
:10213000FC0A00201CB504461148006800281DD088
:102140000023104A21460E48006808F0A1FD01282E
:1021500009D00DA03E21164B16A2CDE900101AA100
:10216000022005F097FE0748006838B14FF0805014
:1021700017490860BFF34F8FBFF36F8F1CBD00007E
:10218000680000206C000020496E73657274204462
:1021900061746520746F205278205175785175658F
:1021A0007565206973206E6F74204F4B0A00000024
:1021B00041BB00082E2E5C6170705C6170705F63C3
:1021C000616E2E63000000004150505F43414E009D
:1021D00004ED00E086B000221421052008F09AFBEF
:1021E0000949086000BF642201A90748006808F097
:1021F000CDFD0128F7D108F071F801A805F008FA23
:1022000008F096F8EFE700006800002010B58EB0E7
:102210000024002009900A9001200B9000200490D7
:10222000059006900790089001200C900E200D90CC
:1022300004A9254800F0DAFA58B124A045212C4B16
:102240002CA2CDE9001031A1012005F023FE0124CC
:1022500009E030484A21264B26A2CDE900102BA1E7
:10226000032005F017FE0E20099000200A9001209F
:102270000B90002004900590069007900890012094
:102280000C901C200D9004A9234800F0AFFA58B11F
:1022900022A06521164B17A2CDE900101BA1012039
:1022A00005F0F8FD01240BE00E2025496A22104BB1
:1022B000CDE9002102900FA214A1032005F0EAFD50
:1022C00020460EB010BD0000D40A00204661696CA3
:1022D000656420746F20636F6E6669677572652030
:1022E00043414E312066696C746572210000000024
:1022F0009CB800082E2E5C436F72655C5372635C61
:102300006273705F63616E2E630000004253505F22
:1023100043414E008CBC0008FC0A00204661696CF9
:10232000656420746F20636F6E66696775726520DF
:1023300043414E322066696C7465722100000000D2
:10234000D0BC000810B58AB00446607A082804DCC6
:10235000207C10B1207C02280CDD25A087212E4B8B
:102360002EA2CDE9001033A1012005F093FD01203C
:102370000AB010BD607A0890207808B1042000E00F
:102380000020069000200790207810B1E0680590AA
:1023900001E0E068049000208DF82400217C0129F0
:1023A00001D1264900E026490846264B621C04A9B3
:1023B00000F076F9002818D023A09B21164B17A215
:1023C000CDE900101BA1012005F064FD1D48006847
:1023D00025A19C22104BCDE9002102900FA215A14E
:1023E000012005F057FD0120C2E70020C0E70000F2
:1023F00043616E205472616E736D69742073656EF3
:1024000064206D657373616765206572726F7220F9
:102410007365742021000000B7B800082E2E5C43BD
:102420006F72655C5372635C6273705F63616E2E82
:10243000630000004253505F43414E00D40A002025
:10244000FC0A00200800002048414C5F43414E5FD9
:1024500041646454784D6573736167652048414CED
:102460005F4552524F52000054784D61696C626F63
:10247000783A2564090000002DE9F04788B0064647
:102480000F4614461D46DDE910898DF81C600020BA
:102490008DF80C00069708208DF81500200A8DF89D
:1024A0000D008DF80E40290A8DF80F108DF8105090
:1024B0004FEA18218DF811108DF812804FEA19217A
:1024C0008DF813108DF814904FF0000A17E00AF100
:1024D000010000F0FF0ABAF1030F0DDD0BA0BC21D3
:1024E000134B14A2CDE9001018A1012005F0D2FC75
:1024F000012008B0BDE8F087012006F0CBFC03A85E
:10250000FFF720FF0028E2D100BFF2E743414E2051
:1025100073656E64206661696C65642061667465CC
:1025200072203520726574726965732100000000A5
:10253000C4B800082E2E5C436F72655C5372635CF6
:102540006273705F63616E2E630000004253505FE0
:1025500043414E0010B5024800F00CFE10BD0000D3
:10256000EC0C00200146087810381823B0FBF3F279
:102570000848805CC865032A05D908686FF309001C
:10258000001D886503E008686FF309008865886DA1
:102590007047000059B90008014600208A6A8B691B
:1025A000CBB932B1012A0DD0022A03D0032A10D1AF
:1025B0000EE000BFCB6A03F08073B3F1807F00D1DF
:1025C000012007E0CB6AB3F1C07F00D1012001E018
:1025D00000E000BF34E08B69B3F5005F1AD132B17F
:1025E000012A07D0022A03D0032A11D10AE000BF32
:1025F00001200EE0CB6A03F08073B3F1807F00D13D
:10260000012006E0CB6AB3F1C07F00D1012000E0D9
:1026100000BF15E032B1012A05D0022A04D0032AF6
:102620000CD103E000BF00BF012008E0CB6A03F03B
:102630008073B3F1807F00D1012000E000BF00BFB4
:10264000704730B50468246824F4802405682C6041
:10265000046863608468402C04D10468A260046844
:10266000E16003E00468A1600468E26030BD704787
:1026700072B600BFFEE710B5024692F82030012B7B
:1026800001D0022B06D110684069084314686061CC
:10269000002010BD506A40F4802050620120F8E70D
:1026A000F0B504460D461E4694F8207020688368F5
:1026B000A86800B900E000BF012F01D0022F7DD132
:1026C00003F0806030B903F0006018B903F0805067
:1026D00000287ED0C3F30161012088403060A868E3
:1026E00060B9B5F800C0E86840EA4C5C206800F5C5
:1026F000C07000EB0110C0F800C00FE0D5E901C0C8
:1027000040EACC00D5F80CC040EA0C00D4F800C078
:102710000CF5C07C0CEB011CCCF80000D5F810C007
:10272000206800F5C07000EB0110C0F804C0287DDF
:1027300001280ED1206800F5C07000EB0110406840
:1027400040F4807C206800F5C07000EB0110C0F8F8
:1027500004C0D079000692F806C040EA0C4092F816
:1027600005C040EA0C2092F804C040EA0C00D4F8FE
:1027700000C00CF5C07C0CEB011CCCF80C00D07830
:10278000000692F802C040EA0C4092F801C040EA0C
:102790000C2092F800C040EA0C00D4F800C00CF500
:1027A000C07C0CEB011CCCF80800206800F5C07060
:1027B00000EB0110006840F0010C01E00FE008E0C0
:1027C000206800F5C07000EB0110C0F800C00020C8
:1027D000F0BD606A40F4001060620120F8E7606AB2
:1027E00040F4802060620120F2E70000F0B504466A
:1027F0000A4694F82050012D01D0022D7ED1424985
:1028000001F50071086840F001000860086820F4D4
:102810007C5008600868566A40EA06200860107D0F
:1028200000F01F06012000FA06F3C8699843C8614A
:10283000A1F50071D069C8B9D1F80C029843C1F86C
:102840000C02908880B2968940EA064601F5107025
:10285000576940F83760108880B2168940EA06460A
:1028600001F51070576900EBC7004660D069012878
:1028700019D1D1F80C021843C1F80C02908880B22B
:10288000168840EA064601F51070576940F837602F
:10289000908980B2168940EA064601F510705769A2
:1028A00000EBC7004660906928B9D1F8040298434C
:1028B000C1F8040204E0D1F804021843C1F804028C
:1028C000106928B9D1F814029843C1F8140204E041
:1028D000D1F814021843C1F81402106A012804D177
:1028E000D1F81C021843C1F81C02D1F8000220F0F4
:1028F0000100C1F800020020F0BDFFE7606A40F46B
:10290000802060620120F7E700640040704770B5E6
:10291000044694F82050012D01D0022D7DD151B9EB
:102920002068C06800F0030080B9606A40F40010BD
:102930006062012070BD2068006900F0030028B9C2
:10294000606A40F4001060620120F3E7206800F53F
:10295000D87000EB0110006800F0040090609068EF
:1029600040B9206800F5D87000EB01100068400DF8
:10297000106007E0206800F5D87000EB01100068D7
:10298000C0085060206800F5D87000EB01100068A6
:1029900000F00200D060206800F5D87000EB011054
:1029A000406800F00F00082802D30820106108E0FA
:1029B000206800F5D87000EB0110406800F00F00AF
:1029C0001061206800F5D87000EB0110406800F439
:1029D0007F40000A9061206800F5D87000EB01107C
:1029E0004068000C5061206800F5D87000EB0110C1
:1029F00080681870206800F5D87000EB01108068BE
:102A000000F47F40000A5870206800F5D87000EB91
:102A10000110806800F47F0000E03CE0000C98703A
:102A2000206800F5D87000EB01108068000ED870A7
:102A3000206800F5D87000EB0110C068187120689C
:102A400000F5D87000EB0110C06800F47F40000A68
:102A50005871206800F5D87000EB0110C06800F4D0
:102A60007F00000C9871206800F5D87000EB011011
:102A7000C068000ED87131B92068C06840F02000ED
:102A80002668F06005E02068006940F020002668B4
:102A9000306100204EE7606A40F4802060620120CF
:102AA00048E72DE9F05F0446002520684669206864
:102AB000D0F80490206887682068D0F80CA02068BF
:102AC000D0F810B02068D0F8188006F00100002877
:102AD00055D007F00100C0B101202168886007F0DF
:102AE000020018B1204600F0D4FA0EE007F004000E
:102AF00010B145F4006508E007F0080010B145F496
:102B0000805502E0204600F0C3FA07F48070C8B197
:102B10004FF480702168886007F4007018B1204677
:102B200000F0B9FA0EE007F4806010B145F40055EA
:102B300008E007F4006010B145F4804502E020464B
:102B400000F0A8FA07F48030C8B14FF48030216853
:102B5000886007F4003018B1204600F09EFA0EE0BD
:102B600007F4802010B145F4004508E007F4002088
:102B700010B145F4803502E0204600F08DFA06F0F1
:102B8000080038B10AF0100020B145F4007510209B
:102B90002168C86006F0040040B10AF0080028B1BE
:102BA00008202168C860204600F00CFA06F00200F8
:102BB00038B12068C06800F0030010B1204600F072
:102BC00003FA06F0400038B10BF0100020B145F4D4
:102BD000806510202168086106F0200040B10BF0EC
:102BE000080028B1082021680861204600F01EFA7C
:102BF00006F0100038B12068006900F0030010B141
:102C0000204600F014FA06F4003040B109F010003C
:102C100028B1102021684860204600F009FA06F427
:102C2000803040B109F0080028B1082021684860D0
:102C3000204600F033FA06F4004088B309F004009F
:102C400078B306F4807020B108F0010008B145F0B7
:102C5000010506F4007020B108F0020008B145F04B
:102C6000020506F4806020B108F0040008B145F0C8
:102C7000040506F40060A0B108F0700088B108F007
:102C80007000402817D006DC10280BD020280CD06C
:102C9000302819D10CE0502810D0602814D110E051
:102CA0001DE019E045F008050FE045F010050CE0C7
:102CB00045F0200509E045F0400506E045F08005B7
:102CC00003E045F4807500E000BF00BF2068806924
:102CD00020F07000216888610420216848602DB1CF
:102CE000606A284360622046FFF710FEBDE8F09F4F
:102CF00070B504460CB9012070BD94F8200010B9DD
:102D0000204600F0AFF82068006840F0010021681C
:102D1000086000F025FD05460DE000F021FD401B98
:102D20000A2808D9606A40F400306062052084F8FF
:102D300020000120E0E72068406800F00100002842
:102D4000EBD02068006820F002002168086000F0E5
:102D500007FD05460DE000F003FD401B0A2808D9D9
:102D6000606A40F400306062052084F82000012091
:102D7000C2E72068406800F002000028EBD1207E06
:102D8000012806D12068006840F0800021680860B2
:102D900005E02068006820F0800021680860607EFF
:102DA000012806D12068006840F0400021680860D2
:102DB00005E02068006820F0400021680860A07EDF
:102DC000012806D12068006840F0200021680860D2
:102DD00005E02068006820F0200021680860E07E9F
:102DE000012806D12068006820F0100021680860E2
:102DF00005E02068006840F0100021680860207F2E
:102E0000012806D12068006840F0080021680860A9
:102E100005E02068006820F0080021680860607FF5
:102E2000012806D12068006840F00400216808608D
:102E300005E02068006820F0040021680860D4E9FB
:102E40000201084321690843616908436168491E1A
:102E500008432168C86100206062012084F82000D6
:102E6000002049E710B586B00446142101A8FDF7FB
:102E70008EFE4F492068884242D14E480068401C6F
:102E80004C4908600846006801280FD100BF0020A7
:102E900000904948006840F00070474908600846C3
:102EA000006800F00070009000BF00BF00BF00206D
:102EB000009041481038006840F002003E49103947
:102EC00008600846006800F00200009000BF00BFE4
:102ED0004FF44070019002200290002003900320E4
:102EE00004900920059001A9344800F037FB002226
:102EF0000521142000F0FCFC142000F0E5FC55E056
:102F00002F492068884251D100BF002000902A48F4
:102F1000006840F08060284908600846006800F0BA
:102F20008060009000BF00BF22480068401C21491B
:102F300008600846006801280FD100BF00200090FB
:102F40001D48006840F000701B4908600846006892
:102F500000F00070009000BF00BF00BF0020009094
:102F600015481038006840F0020013491039086015
:102F70000846006800F00200009000BF00BF4FF458
:102F80004050019002200290002003900320049002
:102F90000920059001A9094800F0E0FA0022052166
:102FA000402000F0A5FC402000F08EFC06B010BDD3
:102FB0000064004018000020403802400004024035
:102FC000006800407047000070B50446144B154A75
:102FD00000212046FFF79BFC0546FDB9114880689B
:102FE00008B1012000E000200D49491E0870084684
:102FF000007810B10B48406801E00A4800680849B1
:10300000491EC8600848844201D1012000E0022026
:103010000349491E08740846FFF78CF870BD00008C
:10302000C10A0020A40A0020D40A0020704770477B
:10303000704770B5044694F82000012822D1022080
:1030400084F820002068006820F0010021680860F2
:1030500000F086FB05460DE000F082FB401B0A28CD
:1030600008D9606A40F400306062052084F82000CE
:10307000012070BD2068406800F001000028EBD1FD
:103080006062F6E7606A40F4002060620120F0E7C9
:10309000704770477047704770477047704770B50A
:1030A0000446A56D00F05CFB064694F83500022846
:1030B00008D08020606500BF002084F8340000BF85
:1030C000012070BD2068006820F0160021680860AB
:1030D0002068406920F0800021684861206C08B9B0
:1030E000A06C28B12068006820F008002168086002
:1030F0002068006820F001002168086010E000F0FE
:103100002FFB801B05280BD920206065032084F845
:10311000350000BF002084F8340000BF0320D0E752
:103120002068006800F001000028E8D194F85C10E5
:103130003F208840A860012084F8350000BF0020AF
:1031400084F8340000BF00BFBBE7014691F83500AA
:10315000022803D08020486501207047052081F8AF
:1031600035000868006820F001000A68106000203F
:10317000F3E70000F8B50446002000908C48006892
:103180004FF41651B0FBF1F7A56D2E6894F85C1062
:1031900008208840304098B12068006800F00400A2
:1031A00070B12068006820F004002168086094F87D
:1031B0005C1008208840A860606D40F001006065E8
:1031C00094F85C1001208840304068B12068406964
:1031D00000F0800040B194F85C1001208840A860A5
:1031E000606D40F00200606594F85C100420884037
:1031F000304068B12068006800F0020040B194F8E7
:103200005C1004208840A860606D40F00400606598
:1032100094F85C1010208840304078B32068006833
:1032200000F0080050B394F85C1010208840A860AB
:103230002068006800F4802080B12068006800F4F5
:10324000002028B9206CC8B12046216C884715E0C1
:10325000A06C98B12046A16C88470FE020680068F8
:1032600000F4807028B92068006820F00800216808
:103270000860206C10B12046216C884794F85C10DF
:10328000202088403040002865D02068006800F089
:10329000100000285FD094F85C1020208840A860BF
:1032A00094F83500052828D12068006820F0160021
:1032B000216808602068406920F08000216848612A
:1032C000206C08B9A06C28B12068006820F00800C4
:1032D0002168086094F85C103F208840A8600120B5
:1032E00084F8350000BF002084F8340000BF206D52
:1032F00010B12046216D8847F8BD2068006800F4B1
:10330000802080B12068006800F4002028B9606C3B
:1033100010B12046616C88471DE0E06BD8B12046B3
:10332000E16B884717E02068006800F4807068B996
:103330002068006820F0100021680860012084F8EF
:10334000350000BF002084F8340000BFE06B10B1EE
:103350002046E16B8847606D38B3606D00F0010076
:10336000F0B1052084F835002068006820F00100E5
:103370002168086000BF0098401C0090B84200D946
:1033800005E02068006800F001000028F3D100BFCC
:10339000012084F8350000BF002084F8340000BF0D
:1033A000E06C10B12046E16C884700BFA4E7000044
:1033B000280000202DE9F0410446002500F0D0F956
:1033C000074614B90120BDE8F081606A00B100BF72
:1033D000022084F8350000BF002084F8340000BFCC
:1033E0002068006820F00100216808600AE000F011
:1033F000B7F9C01B052805D920206065032084F893
:103400003500E0E72068006800F001000028EED1F8
:103410002068056821480540D4E901010843E168B6
:1034200008432169084361690843A1690843E169C8
:103430000843216A08430543606A042803D1D4E99C
:103440000B0108430543206805602068456925F0A5
:103450000705606A0543606A04280DD1A06A054328
:10346000E06A48B12046FFF797F828B14020606530
:10347000012084F83500A6E7206845612046FFF763
:1034800071F8064694F85C103F208840B060002038
:103490006065012084F83500002094E73F8010F03B
:1034A0002DE9F04704460D4616461F464FF000082A
:1034B000D4F8589000BF94F83400012802D10220BB
:1034C000BDE8F087012084F8340000BF94F835008F
:1034D000012825D1022084F83500002060653B4694
:1034E000324629462046FFF7ACF894F85C103F209E
:1034F0008840C9F808002068006840F0160021687C
:103500000860206C28B12068006840F0080021683D
:1035100008602068006840F001002168086006E04B
:1035200000BF002084F8340000BF4FF0020840467E
:10353000C6E7000070B5044600F012F906462546BD
:10354000681C10B104480078054400BF00F008F979
:10355000801BA842FAD370BD24000020F8B50246B3
:103560000B460025002400200021D1E0012606FAA8
:1035700001F51E6806EA0504AC4274D11E7906F016
:103580000306012E04D01E7906F00306022E13D185
:1035900090684F000326BE40B0434F00DE68BE4037
:1035A00030439060506801268E40B0431E79C6F3C8
:1035B00000168E40304350601E7906F00306032E3D
:1035C00009D0D0684F000326BE40B0434F009E682C
:1035D000BE403043D0601E7906F00306022E13D1A0
:1035E000CF0802F1200656F827004E07F70E0F26E7
:1035F000BE40B0434F07FF0E1E69BE403043CF08A8
:1036000002F1200646F8270010684F000326BE404E
:10361000B0431E7906F003064F00BE4030431060F1
:103620005E6806F44036002E71D000BF002600967A
:10363000394E366846F48046374F3E603E4636681F
:1036400006F48046009600BF00BF344E8F0856F83F
:1036500027008E07370F0F26BE40B043304EB242D0
:1036600002D100261FE052E02E4EB24201D10126C7
:1036700019E02D4EB24201D1022614E02B4EB24287
:1036800001D103260FE02A4EB24201D104260AE0FE
:10369000284EB24201D1052605E0274EB24201D1A3
:1036A000062600E007268F073F0FBE4030431B4E23
:1036B0008F0846F82700214E3068A0435E6806F464
:1036C000801606B120431D4E3060361D3068A04381
:1036D0005E6806F4001606B12043184E361D3060B1
:1036E000164E361F3068A0435E6806F4003606B1F9
:1036F0002043124E361F3060361F3068A0435E688C
:1037000006F4803606B120430C4E083E3060491C5A
:103710001029FFF42BAFF8BD4438024008380140AF
:10372000000002400004024000080240000C024079
:10373000001002400014024000180240083C014002
:1037400010B5426921EA020302EA010443EA044394
:10375000836110BD0AB1816101E00B048361704790
:1037600001480068704700001C0000200348006802
:103770000349097808440149086070471C0000208B
:103780002400002010B50D48006840F400700B497B
:1037900008600846006840F48060086008460068D9
:1037A00040F480700860032000F0E0F80F2000F083
:1037B00007F800F05FF8002010BD0000003C024058
:1037C0002DE9F04188B004460027B84600BF00202C
:1037D00001902348006840F4807021490860084641
:1037E000006800F48070019000BF00BF02A903A828
:1037F00000F092F9069F1FB900F0B6F9054602E005
:1038000000F0B2F945001748B5FBF0F0A0F101084F
:1038100015481649086040F2E7311448C160C0F805
:103820000480002101618160816100F019FD06467C
:1038300096B90E4800F082FD06466EB92D2000F0C4
:1038400043F8102C07D2002221462D2000F050F81A
:103850000748046000E00126304608B0BDE8F0816A
:103860004038024040420F00002000404C0D002034
:103870002000002008B500BF00200090114800681B
:1038800040F480400F4908600846006800F480401A
:10389000009000BF00BF00BF00200090081F00681C
:1038A00040F08050091F08600846006800F0805012
:1038B000009000BF00BF00220F21901E00F018F8FA
:1038C00008BD0000443802400146084600280DDBD0
:1038D00000BF00BF00F01F0301229A4043099B0074
:1038E00003F1E023C3F8002100BF00BF00BF704711
:1038F0002DE9F05F80460D461646002703F006F8D6
:10390000074639462A46334601F00700C0F1070A48
:10391000BAF1040F02D94FF0040A01E0C0F1070A1E
:10392000D14600F1040ABAF1070F02D24FF0000AA3
:1039300001E0A0F1030AD4464FF0010A0AFA09FA9D
:10394000AAF1010A0AEA020A0AFA0CFA4FF0010B7C
:103950000BFA0CFBABF1010B0BEA030B4AEA0B046D
:103960002146404602F0DAFFBDE8F09F00BF00F0BC
:103970000702064B19684FF6FF031940044B0B432F
:1039800043EA0221014B196000BF70470CED00E0D3
:103990000000FA0570B504460D460CB9012070BD53
:1039A0005848006800F00F00A84209D255490D7030
:1039B0000846006800F00F00A84201D00120EEE7A1
:1039C000207800F0020002281DD1207800F00400C9
:1039D000042805D14C48006840F4E0504A4908608A
:1039E000207800F00800082805D14748006840F416
:1039F0006040454908604448006820F0F000A16834
:103A0000084341490860207800F00100A8B36068CD
:103A1000012807D13C4808380068C0F34040B8B9D5
:103A20000120BCE76068022802D06068032807D143
:103A3000354808380068C0F3406048B90120AEE757
:103A4000314808380068C0F3400008B90120A6E7F3
:103A50002D48006820F00300616808432A49086087
:103A6000FFF77EFE064609E0FFF77AFE801B41F273
:103A70008831884202D9032091E707E02248006894
:103A800000F00C006168B0EB810FEDD11D480068BB
:103A900000F00F00A84209D91A490D7008460068C5
:103AA00000F00F00A84201D0012078E7207800F054
:103AB0000400042807D11448006820F4E050E168AD
:103AC000084311490860207800F00800082808D150
:103AD0000D48006820F46040216940EAC1000A49AD
:103AE000086000F061F808490968C1F30311074A4A
:103AF000515CC8400649086006480068FFF760FE50
:103B000000204CE7003C02400838024061B9000840
:103B100028000020200000200F2202600D4A1268B9
:103B200002F0030242600B4A126802F0F002826067
:103B3000084A126802F4E052C260064A126802F4AF
:103B40006042D2080261044A126802F00F020A6061
:103B50007047000008380240003C024001480068FD
:103B6000704700002800002000B5FFF7F7FF044968
:103B70000968C1F38221034A515CC84000BD0000BE
:103B80000838024071B9000800B5FFF7E7FF0449A3
:103B90000968C1F34231034A515CC84000BD0000CE
:103BA0000838024071B900082DE9F04700240025CB
:103BB0000026A146A2463F48006800F00C0030B144
:103BC000042807D0082808D00C286BD138E0DFF88B
:103BD000E8A06AE0DFF8E4A067E03648001F00686C
:103BE00000F03F043348001F006800F4800078B103
:103BF00032483049091F0968C1F38811A0FB0170E0
:103C00000146224600233846FCF709FC05460DE034
:103C100029482849091F0968C1F38811A0FB0171CF
:103C2000224600233846FCF7FAFB05462148001FD0
:103C30000068C0F30140401C4600B5FBF6FA34E0D2
:103C40001C48001F006800F03F041A48001F00686D
:103C500000F4800078B119481649091F0968C1F3BA
:103C60008811A0FB01700146224600233846FCF76C
:103C7000D6FB05460EE010480E49091F0968C1F33E
:103C80008811A0FB01700146224600233846FCF74C
:103C9000C6FB05460748001F0068C0F30279B5FB64
:103CA000F9FA02E0DFF810A000BF00BF5046BDE8FF
:103CB000F0870000083802400024F400001BB70021
:103CC000F8B504460CB90120F8BD207800F00100D9
:103CD00000286FD0FE48006800F00C0004281BD0BC
:103CE000FB48006800F00C00082807D1F848001FC6
:103CF000006800F48000B0F5800F0DD0F448006833
:103D000000F00C000C2813D1F148001F006800F4EB
:103D10008000B0F5800F0BD1ED4808380068C0F383
:103D20004040002859D06068002856D10120CBE7D8
:103D300000BF6068B0F5803F08D1E54808380068EA
:103D400040F48030E249083908601EE06068B0F550
:103D5000A02F0DD1DE480838006840F48020DC49EF
:103D6000083908600846006840F4803008600CE0BC
:103D7000D7480838006820F48030D54908390860F1
:103D80000846006820F48020086000BF606890B199
:103D9000FFF7E6FC054606E0FFF7E2FC401B64285F
:103DA00001D9032090E7CA4808380068C0F34040B2
:103DB0000028F1D011E0FFF7D3FC054606E0FFF73D
:103DC000CFFC401B642801D903207DE7C048083898
:103DD0000068C0F340400028F1D1207800F00200D4
:103DE00002286BD1BA48006800F00C00B8B1B8489E
:103DF000006800F00C00082805D1B548001F0068D5
:103E000000F4800058B1B248006800F00C000C28A3
:103E10001CD1AF48001F006800F48000B0B9AC4866
:103E200008380068C0F3400020B1E068012801D0E4
:103E3000012049E7A6480838006820F0F800216909
:103E400040EAC100A2490839086037E0E06800B3E1
:103E50000120A0490860FFF783FC054606E0FFF754
:103E60007FFC401B022801D903202DE79848083821
:103E70000068C0F340000028F1D095480838006879
:103E800020F0F800216940EAC10091490839086032
:103E900014E000208F490860FFF762FC054606E049
:103EA000FFF75EFC401B022801D903200CE788487D
:103EB00008380068C0F340000028F1D1207800F0F5
:103EC000080008282CD16069A8B101208249086047
:103ED000FFF746FC054606E0FFF742FC401B0228C0
:103EE00001D90320F0E67A486C300068C0F3400046
:103EF0000028F1D014E0002077490860FFF730FC7B
:103F0000054606E0FFF72CFC401B022801D90320E0
:103F1000DAE66F486C300068C0F340000028F1D149
:103F2000207800F00400042870D100276848383059
:103F3000006800F0805090B900BF002000906448F5
:103F40003830006840F080506149383108600846D8
:103F5000006800F08050009000BF00BF01275F485C
:103F6000006800F48070B0B95C48006840F480706C
:103F70005A490860FFF7F4FB054606E0FFF7F0FB3F
:103F8000401B022801D903209EE65448006800F433
:103F900080700028F2D000BFA068012808D14C48EA
:103FA0006830006840F001004949683108601DE050
:103FB000A06805280DD146486830006840F004002C
:103FC0004349683108600846006840F00100086015
:103FD0000CE03F486830006820F001003C4968313F
:103FE00008600846006820F00400086000BFA06870
:103FF000A8B1FFF7B5FB054609E0FFF7B1FB401B91
:1040000041F28831884202D903205DE626E030483B
:1040100068300068C0F340000028EED013E0FFF7DE
:104020009FFB054608E0FFF79BFB401B41F28831F0
:10403000884201D9032047E6254868300068C0F36C
:1040400040000028EFD1012F07D121483830006807
:1040500020F080501E493831086000BFA069002858
:1040600051D01B48006800F00C00082861D0A069FE
:10407000022849D1002017490866FFF771FB054661
:1040800006E0FFF76DFB401B022801D903201BE669
:104090000F4808380068C0F340600028F1D1D4E927
:1040A00007010843616A40EA81110122A06AC2EB5C
:1040B000500041EA00412C20005D41EA00613020BF
:1040C000005D41EA00700249091F0860012007E015
:1040D0000838024000004742800E4742007000400E
:1040E0002F490866FFF73CFB054606E0FFF738FB63
:1040F000401B022801D90320E6E52A480068C0F3E6
:1041000040600028F2D048E0002025490866FFF70B
:1041100027FB054606E0FFF723FB401B022801D9D9
:104120000320D1E51F480068C0F340600028F2D1A9
:1041300033E0A069012800D1C6E51A48001D0668D1
:10414000A069012827D006F48001E069814222D1CC
:1041500006F03F01206A81421DD147F6C070304011
:10416000616AB0EB811F16D106F440310122A06ACA
:10417000C2EB5000B1EB004F0DD106F070612C2066
:10418000005DB1EB006F06D106F0E0413020005D2C
:10419000B1EB007F01D0012096E5002094E50000FE
:1041A00000004742003802407047704730B5024671
:1041B0000B4600BF92F83C00012801D1022030BD1F
:1041C000012082F83C0000BF022082F83D00106808
:1041D00044681068816824F070041868044310680B
:1041E0004460184D1068A8421BD01068B0F1804F91
:1041F00017D0154D1068A84213D0144D1068A8426E
:104200000FD0134D1068A8420BD0124D1068A84271
:1042100007D0114D1068A84203D0104D1068A84275
:1042200005D121F0800158680143106881600120A8
:1042300082F83D0000BF002082F83C0000BF00BFB4
:10424000BDE70000000001400004004000080040FD
:10425000000C0040000401400040014000180040F4
:1042600010B504460CB9012010BD94F83D0028B9E2
:10427000002084F83C00204600F026F8022084F854
:104280003D00211D206801F033F9012084F846002B
:1042900000BF84F83E0001213F2001554020015518
:1042A0004120015500BF00BF012084F84200432097
:1042B0000155442001554520015500BF012084F8D7
:1042C0003D000020D0E7000038B5044618492068BA
:1042D00088420FD100BF002000901648006840F0CF
:1042E0000200144908600846006800F002000090CF
:1042F00000BF1BE010492068884217D100BF002092
:1043000000900C48006840F080000A4908600846A8
:10431000006800F08000009000BF00BF002205216F
:104320002C20FFF7E5FA2C20FFF7CEFA38BD00006D
:104330000004004040380240001C0040014691F853
:104340003D00012801D001207047022081F83D0086
:104350000868C06840F001000B68D8601A4B086814
:1043600098421BD00868B0F1804F17D0174B0868EF
:10437000984213D0164B086898420FD0154B086826
:1043800098420BD0144B0868984207D0134B08682A
:10439000984203D0124B086898420CD10868806894
:1043A00000F00702062A0CD00868006840F00100FF
:1043B0000B68186005E00868006840F001000B68B1
:1043C00018600020C0E70000000001400004004029
:1043D00000080040000C0040000401400040014083
:1043E000001800402DE9F04104460D46002700BFAB
:1043F00094F83C00012802D10220BDE8F0810120A0
:1044000084F83C0000BF022084F83D0020688668E4
:1044100026F0770626F47F462068866028685028B4
:1044200033D00CDC202850D004DC00284BD01028DE
:1044300051D149E0302849D040284CD139E060289A
:104440002DD0702807D0B0F5805F03D0B0F5005FA5
:1044500041D10DE041E0D5E902136A68206801F01E
:10446000B7F82068866846F077062068866034E0F2
:10447000D5E902136A68206801F0AAF8206880680C
:1044800040F480402168886027E0EA686968206815
:1044900001F08EF95021206801F0A5F81DE0EA68CE
:1044A0006968206801F097F96021206801F09BF8A5
:1044B00013E0EA686968206801F07AF94021206811
:1044C00001F091F809E000BF00BF00BF2968206833
:1044D00001F089F801E0012700BF00BF012084F846
:1044E0003D0000BF002084F83C0000BF384684E750
:1044F000704770B504462068C5682068066906F0F4
:104500000200022819D105F00200022815D1401F2F
:1045100021680861012020772068806900F003008D
:1045200018B12046FFF7E4FF05E0204600F0EEF862
:10453000204600F0B9F90020207706F00400042896
:1045400019D105F00400042815D1C0432168086181
:10455000022020772068806900F4407018B120465E
:10456000FFF7C6FF05E0204600F0D0F8204600F037
:104570009BF90020207706F00800082819D105F0E3
:104580000800082815D1C04321680861042020775D
:104590002068C06900F0030018B12046FFF7A8FFAB
:1045A00005E0204600F0B2F8204600F07DF900203A
:1045B000207706F01000102819D105F010001028FF
:1045C00015D1C04321680861082020772068C069A0
:1045D00000F4407018B12046FFF78AFF05E020463E
:1045E00000F094F8204600F05FF90020207706F0F4
:1045F000010048B105F0010030B16FF00100216801
:104600000861204600F052F906F08000802809D1A8
:1046100005F08000802805D1C0432168086120464C
:10462000FFF7C2FD06F04000402809D105F0400028
:10463000402805D1C04321680861204600F042F9B6
:1046400006F02000202809D105F02000202805D1FF
:10465000C043216808612046FFF7A7FD70BD000038
:1046600010B586B00446142101A8FCF790FA206822
:10467000B0F1804F1DD100BF002000901F4800689E
:1046800040F002001D4908600846006800F0020082
:10469000009000BF00BF0420019002200290002083
:1046A000039004900120059001A91548FEF756FFDC
:1046B00021E01449206888421DD100BF00200090ED
:1046C0000E48006840F004000C4908600846006885
:1046D00000F00400009000BF00BF4FF47070019024
:1046E000022002900020039004900220059001A96E
:1046F0000548FEF733FF06B010BD00003038024019
:1047000000040240000400400008024070472DE908
:10471000F04104460D461646002700BF94F83C00C1
:10472000012802D10220BDE8F081012084F83C007C
:1047300000BF36B1042E1BD0082E31D00C2E5ED116
:1047400045E02946206800F057FF2068806940F066
:104750000800216888612068806920F004002168D1
:10476000886120688069296908432168886148E078
:104770002946206800F078FF2068806940F40060D6
:10478000216888612068806920F4806021688861E0
:1047900020688069296940EA01202168886130E049
:1047A0002946206800F09EFF2068C06940F008009C
:1047B0002168C8612068C06920F004002168C861D0
:1047C0002068C069296908432168C86119E0294641
:1047D000206800F0C3FF2068C06940F400602168D1
:1047E000C8612068C06920F480602168C8612068C1
:1047F000C069296940EA01202168C86101E00127F8
:1048000000BF00BF00BF002084F83C0000BF384656
:1048100089E710B504460CB9012010BD94F83D009D
:1048200028B9002084F83C00204600F025F802203A
:1048300084F83D00211D206800F05AFE012084F814
:10484000460000BF84F83E0001213F200155402072
:1048500001554120015500BF00BF012084F84200EE
:1048600043200155442001554520015500BF01203A
:1048700084F83D000020D0E708B50168B1F1804F11
:104880000FD100BF002100910649096841F00101E4
:10489000044A11601146096801F00101009100BF4E
:1048A00000BF08BD403802407047000010B5044604
:1048B00003492068884201D1FEF758FF10BD00006F
:1048C000002000407047704770477047704770473E
:1048D0002DE9F84F0446206805682068C6682068FE
:1048E00047694FF00009CA4605F00F09B9F1000FFA
:1048F0000AD105F0200038B106F0200020B1204692
:1049000001F06AF8BDE8F88FB9F1000F7CD007F02C
:10491000010018B906F49070002875D005F0010068
:1049200030B106F4807018B1606C40F00100606432
:1049300005F0040030B107F0010018B1606C40F0E0
:104940000200606405F0020030B107F0010018B108
:10495000606C40F00400606405F0080048B106F0A7
:10496000200010B907F0010018B1606C40F0080099
:104970006064606C002846D005F0200028B106F085
:10498000200010B1204601F027F820684069C0F3EC
:10499000801A606C00F0080010B9BAF1000F2DD039
:1049A000204600F099FF2068406900F04000402850
:1049B00020D100BF00BF2168143151E8001F21F051
:1049C00040002168143141E80002002AF3D100BF01
:1049D000E06B50B17F48E16B0865E06BFEF7B5FB1B
:1049E00088B1E06B016D88470DE02046A16D8847D6
:1049F00009E009E02046A16D884704E02046A16D4A
:104A00008847002060647DE7206B012878D105F09D
:104A10001000002874D006F010000028FAD000BF63
:104A20000020009020680068009020684068009096
:104A300000BF00BF2068406900F04000402870D1EE
:104A4000E06B006840681FFA80F8B8F1000F58D09A
:104A5000A08D404555DDA4F82E80E06BC069B0F50F
:104A6000807F43D000BF00BF21680C3151E8001F98
:104A700021F4807021680C3141E80002002AF3D152
:104A800000BF00BF00BF2168143151E8001F21F0B2
:104A900001002168143141E80002002AF3D100BF6F
:104AA00000BF00BF2168143151E8001F21F0400011
:104AB0002168143141E80002002AF3D100BF202010
:104AC00084F842000020206300BF00BF21680C3141
:104AD00051E8001F21F0100021680C3141E800026C
:104AE000002AF3D100BFE06BFEF7D9FA0220606321
:104AF000A08DE38DC01A81B22046E26E90470EE091
:104B000052E0A08D40450AD1E06BC069B0F5807FCE
:104B100005D102206063A18D2046E26E9047F1E648
:104B2000FFE7A08DE18D401A1FFA80F8E08DD0B329
:104B3000B8F1000F37D000BF00BF21680C3151E839
:104B4000001F21F4907021680C3141E80002002A16
:104B5000F3D100BF00BF00BF2168143151E8001F2E
:104B600021F001002168143141E80002002AF3D14C
:104B700000BF202084F842000020206300BF00BF57
:104B800021680C3151E8001F21F0100021680C3120
:104B900041E80002002AF3D100BF022060634146D1
:104BA0002046E26E9047ADE605F0800030B106F099
:104BB000800018B1204601F0A3F8A3E605F04000FC
:104BC00030B106F0400018B1204600F0BBFE99E677
:104BD00000BF97E61158000810B504460CB9012033
:104BE00010BDA06900B100E000BF94F8410060B9B9
:104BF000002084F84000204600F0C8FE206F08B96D
:104C0000164820672046216F8847242084F84100F9
:104C10002068C06820F400502168C860204600F079
:104C200059FF2068006920F49040216808612068DD
:104C3000406920F02A00216848612068C06840F47B
:104C400000502168C86000206064202084F8410082
:104C500084F842000020606300BFC1E7614C000897
:104C600010B586B00446142101A8FBF790FF5C49FB
:104C70002068884257D100BF002000905948006842
:104C800040F40020574908600846006800F40020FE
:104C9000009000BF00BF00BF0020009051481038B6
:104CA000006840F004004F49103908600846006869
:104CB00000F00400009000BF00BF4FF4406001907E
:104CC0000220029000200390032004900820059009
:104CD00001A94548FEF742FC4448454908604FF0A9
:104CE000006048604021424881600021C1604FF46B
:104CF00080610161002141618161C16101624162A4
:104D0000FEF758FB08B1FDF7B3FC00BF3848A063BD
:104D1000846300BF002205213420FEF7E9FD342022
:104D2000FEF7D2FD5AE033492068884256D100BFD1
:104D3000002000902B48001D006840F01000294919
:104D4000091D08600846006800F01000009000BFD0
:104D500000BF00BF0020009022481038006840F0DB
:104D600001002049103908600846006800F0010081
:104D7000009000BF00BF00BF002000900846006800
:104D800040F0020008600846006800F00200009051
:104D900000BF00BF48150190022002900020039040
:104DA000032004900720059001A91348FEF7D6FBC5
:104DB00080200190022002900020039003200490A4
:104DC0000720059001A90D48FEF7C8FB0022052128
:104DD0002520FEF78DFD2520FEF776FD06B010BDDF
:104DE000004C004040380240000802407060024021
:104DF000EC0C0020001001400000024000040240C2
:104E000010B5034600242AB9586C40F020005864BD
:104E1000012010BD93F84100202825D10D291CD276
:104E2000DFE801F007090B0D0F1113151B1B1B17F2
:104E300019009A6417E0DA6415E01A6513E05A6500
:104E400011E09A650FE0DA650DE01A660BE05A662C
:104E500009E01A6707E05A6705E0586C40F0200047
:104E60005864012400BF17E093F8410078B90B297A
:104E700002D00C2904D101E01A6707E05A6705E067
:104E8000586C40F020005864012400BF04E0586CC6
:104E900040F02000586401242046BAE7704770476C
:104EA000F7B50446154694F8410020283ED10198F4
:104EB00000B10DB90120FEBD01982062A584E584F2
:104EC00000206064212084F841001948A16BC86368
:104ED0001848A16B08641848A16BC8640020A16B36
:104EE000086501AE23681A1D31682B46A06BFEF7DA
:104EF000D7FA30B110206064202084F841000120EE
:104F0000D9E76FF040002168086000BF00BF21684A
:104F1000143151E8001F41F080002168143141E84C
:104F20000002002AF3D100BF0020C4E70220C2E73C
:104F300073580008CB580008235800087047704782
:104F400010B50E480E4908600220486000210C4848
:104F50008160C1604FF4602101614FF480014161C3
:104F60000021017641768176C17601774177FDF7A0
:104F7000BFFE08B1FDF77CFB10BD000000640040DF
:104F8000D40A002010B50E480E490860022048607F
:104F900000210C488160C1604FF4602101614FF431
:104FA000800141610021017641768176C1760177E9
:104FB0004177FDF79DFE08B1FDF75AFB10BD0000DB
:104FC00000680040FC0A002008B500BF00200090E7
:104FD0000A48006840F40010084908600846006864
:104FE00000F40010009000BF00BF002205210F2038
:104FF000FEF77EFC0F20FEF767FC08BD303802404C
:1050000010B50B4A00210B4803F09AFF0A490860CB
:105010000A4A00210A4803F093FF0A4908600A4A35
:1050200000210A4803F08CFF0949086010BD000008
:10503000DCB80008255300080C00002000B9000867
:10504000D52100081000002024B90008D1A10008D3
:105050001400002000B587B0142102A8FBF797FDCB
:1050600000BF002001902E48006840F004002C4949
:1050700008600846006800F00400019000BF00BF0F
:1050800000BF002001900846006840F080000860E2
:105090000846006800F08000019000BF00BF00BF1C
:1050A000002001900846006840F0020008600846B1
:1050B000006800F00200019000BF00BF00BF0020A8
:1050C00001900846006840F001000860084600684A
:1050D00000F00100019000BF00BF0122D103114880
:1050E000FEF738FB002201210E48FEF733FB48F2A1
:1050F000010002900120039000200490059002A975
:105100000848FEF72BFA4FF400400290002003906D
:10511000049002A90448FEF721FA07B000BD000080
:1051200030380240000802400000024010B50A4832
:105130000A490860532048600021084881604FF602
:10514000FF71C1600021016180218161FFF788F852
:1051500008B1FDF78DFA10BD001C0040B40B002013
:1051600000B589B00020079008901C216846FBF725
:105170000EFD4FF080401749086000204860002174
:1051800014488160491EC160002101618161FFF7FF
:1051900040FB08B1FDF76CFA00200790089007A9C2
:1051A0000C48FFF703F808B1FDF762FA60200090A1
:1051B00000200190029004900C2269460548FFF7F8
:1051C000A6FA08B1FDF754FA0248FFF749FA09B008
:1051D00000BD0000240B002000B58DB00020099018
:1051E0000A900B900C90079008901C216846FBF7E2
:1051F000CEFC2C482C4908600020486000212A4839
:1052000081604FF6FF71C160002101618161FFF78C
:1052100027F808B1FDF72CFA4FF48050099009A93E
:105220002148FFF7DFF808B1FDF722FA1E48FFF723
:10523000F0FA08B1FDF71CFA00200790089007A9C2
:105240001948FEF7B3FF08B1FDF712FA602000908D
:105250000020019002900490002269461248FFF756
:1052600056FA08B1FDF704FA042269460E48FFF722
:105270004EFA08B1FDF7FCF9082269460A48FFF723
:1052800046FA08B1FDF7F4F90C2269460648FFF723
:105290003EFA08B1FDF7ECF90348FFF7E1F90DB06C
:1052A00000BD0000000400406C0B002010B50A484F
:1052B0000A4908600A484860002108488160C160C6
:1052C00001610C21416100218161C161FFF784FC12
:1052D00008B1FDF7CDF910BD004C0040FC0B0020DB
:1052E00040420F0010B50A480A4908600A48486061
:1052F000002108488160C16001610C2141610021E9
:105300008161C161FFF768FC08B1FDF7B1F910BD1B
:1053100000100140740C002000093D0000BFFEE7B2
:1053200000BFFEE71CB54FF4FA60FEF703F909E091
:105330000BA09421104B11A2CDE9001015A1012062
:1053400002F0A8FD01F052FB0028F1D100BF0121BD
:105350001448FEF7F5F94FF47A7003F09BFDF6E779
:105360004572726F72205768696C65206170702099
:10537000696E69742100000048B900082E2E2F4381
:105380006F72652F5372632F6672656572746F73E7
:105390002E63000044454641554C545F5441534BE5
:1053A000000000000008024010B54FF0E020006946
:1053B00005F076FE012801D005F092FA10BD00003C
:1053C00000B593B0342106A8FBF7E1FB142101A836
:1053D000FBF7DDFB00BF002000902548006840F08F
:1053E0008050234908600846006800F08050009013
:1053F00000BF00BF00BF002000901E48006840F4BE
:1054000040401C4908600846006800F44040009095
:1054100000BF00BF012006900004079002200C90FE
:1054200041050D9106210E91A8210F9102211091A5
:10543000072111910221129106A8FEF741FC08B143
:10544000FDF716F90F200190022002900020039032
:105450004FF4A05004904FF480500590052101A80E
:10546000FEF798FA08B1FDF703F913B000BD00008C
:1054700040380240007000400548006840F4700069
:10548000034908604FF000600149803908607047A7
:1054900088ED00E010B50248FFF72BF810BD0000C2
:1054A0004C0D002010B510480068006900F00100A4
:1054B000C0B10D480068C06800F0010090B10B4811
:1054C000036840684FF480329A1840F100000749A1
:1054D0000A6048606FF001000349096808610248EA
:1054E000FFF7E4F910BD0000B40B002048000020D5
:1054F00010B502682B4B98420ED0B0F1804F0BD004
:10550000294B984208D0294B984205D0284B984205
:1055100002D0284B984203D122F070024B681A4304
:10552000204B984220D0B0F1804F1DD01E4B9842A6
:105530001AD01E4B984217D01D4B984214D01D4BC9
:10554000984211D01C4B98420ED01C4B98420BD065
:105550001B4B984208D01B4B984205D01A4B9842DF
:1055600002D01A4B984203D122F44072CB681A43FE
:1055700022F080034C6943EA04028B68C3620B6823
:105580008362084B984202D00A4B984201D10B69C2
:105590000363036843F00403036001234361026073
:1055A00010BD000000000140000400400008004061
:1055B000000C004000040140004001400044014054
:1055C0000048014000180040001C0040002000403E
:1055D00030B50C46816821F47F4142EA032525431A
:1055E0002943816030BD0A46816821F0700142F094
:1055F000070319438160704730B5026A056A25F0D8
:10560000010505624368846924F0700424F00304F2
:105610000D682C4322F002028D682A43104DA842E7
:1056200000D103E00F4DA84206D100BF22F00802CE
:10563000CD682A4322F00402094DA84202D0094D48
:10564000A84207D123F4807323F400734D692B43E0
:105650008D692B43436084614D684563026230BDB0
:10566000000001400004014030B5026A056A25F0DF
:10567000100505624368846924F4E04424F440740E
:105680000D6844EA052422F020028D6842EA0512E2
:10569000124DA84200D103E0114DA84207D100BF2E
:1056A00022F08002CD6842EA051222F040020B4D42
:1056B000A84202D00A4DA84209D123F4806323F402
:1056C00000634D6943EA85038D6943EA85034360BE
:1056D00084614D688563026230BD000000000140B6
:1056E0000004014030B5026A056A25F48075056240
:1056F0004368C46924F0700424F003040D682C434B
:1057000022F400728D6842EA0522124DA84200D1AF
:1057100003E0114DA84207D100BF22F40062CD681A
:1057200042EA052222F480620A4DA84202D00A4DC4
:10573000A84209D123F4805323F400534D6943EA6E
:1057400005138D6943EA05134360C4614D68C56361
:10575000026230BD000001400004014030B5036A20
:10576000056A25F4805505624468C26922F4E04266
:1057700022F440720D6842EA052223F400538D683A
:1057800043EA0533084DA84202D0084DA84204D18F
:1057900024F480444D6944EA85144460C2614D6834
:1057A0000564036230BD00000000014000040140B8
:1057B00030B50B461446026A056A25F001050562FC
:1057C000816921F0F00141EA041122F00A021A4332
:1057D0008161026230BD30B50B461446026A056A2B
:1057E00025F010050562816921F4704141EA043118
:1057F00022F0A00242EA03128161026230BD000081
:1058000010B50248FFF764F810BD0000FC0B002043
:1058100070B50546AC6B0020E0852046A16D884739
:1058200070BD70B505460026AC6B20684069C0F3BA
:10583000C01694F84100212805D126B10020E0844B
:10584000204600F08FF820684069C0F3801694F875
:105850004200222805D126B10020E085204600F034
:105860003BF8606C40F0100060642046A16D8847F2
:1058700070BD70B50546AC6B2868006800F4807098
:10588000F8B90020E08400BF00BF2168143151E85E
:10589000001F21F080002168143141E80002002A35
:1058A000F3D100BF00BF00BF21680C3151E8001FD9
:1058B00041F0400021680C3141E80002002AF3D198
:1058C00002E02046E16C884770BD70B50446A56BC8
:1058D0002846A96C884770BD00BF00BF02680C3223
:1058E00052E8002F22F4907102680C3242E8001353
:1058F000002BF3D100BF00BF00BF0268143252E892
:10590000002F22F001010268143242E80013002B3C
:10591000F3D100BF016B01290ED100BF00BF0268A7
:105920000C3252E8002F22F0100102680C3242E8DB
:105930000013002BF3D100BF202180F8421000217A
:105940000163704710B504462068C06820F040002D
:105950002168C860202084F841002046E16C884717
:10596000002010BD00BF00BF02680C3252E8002FBB
:1059700022F0C00102680C3242E80013002BF3D180
:1059800000BF202180F84110704700000949816460
:105990000949C164094901650949416509498165A8
:1059A0000949C16509490166094941660949C16654
:1059B000704700003F4F00083D4F00089F4E000811
:1059C0009D4E0008CF480008C9480008CD4800088F
:1059D000CB480008C7480008F8B504460025002653
:1059E00094F84200222873D1A068B0F5805F0BD1F3
:1059F000206948B9A66A20684068C0F30800308072
:105A0000A06A801CA06214E0A56AA068B0F5805F5F
:105A100003D0A06828B9206918B9206840682870A8
:105A200004E02068406800F07F002870A06A401CF5
:105A3000A062E08D401E80B2E085002846D120683B
:105A4000C06820F020002168C8602068C06820F489
:105A500080702168C8602068406920F001002168DA
:105A60004861202084F8420000206063206B0128F8
:105A700026D10020206300BF00BF21680C3151E80F
:105A8000001F21F0100021680C3141E80002002ABB
:105A9000F3D100BF2068006800F0100010280AD180
:105AA00000BF0020009020680068009020684068D7
:105AB000009000BF00BFA18D2046E26E904702E03B
:105AC0002046616D88470020F8BD01E00020FBE71B
:105AD0000220F9E72DE9F84F04462068006920F418
:105AE0004050E1680843216808612169A0680843C3
:105AF00061690843E169084300902068C06849F281
:105B00000C618843009908432168C8602068406997
:105B100020F44070A16908432168486176492068F3
:105B2000884203D075492068884203D1FEF72CF8DB
:105B3000814602E0FEF718F88146E069B0F5004FB3
:105B40006CD102206168A0FB015003461920A9FB1B
:105B5000007001462A463846FAF761FC6421B0FB22
:105B6000F1F04FEA001A02206168A0FB01510B46D8
:105B70001920A9FB00712A463846FAF750FC8346E3
:105B800002206168A0FB015003461920A9FB0071A7
:105B90002A463846FAF743FC6421B0FBF1F000EBEB
:105BA000C00101EB0010ABEB8000322101EBC00023
:105BB0006421B0FBF1F000F0F8000AEB400A02208B
:105BC0006168A0FB015003461920A9FB0070014643
:105BD0002A463846FAF723FC834602206168A0FB78
:105BE000015003461920A9FB00712A463846FAF7EE
:105BF00016FC6421B0FBF1F000EBC00101EB0010DA
:105C0000ABEB8000322101EBC0006421B0FBF1F06E
:105C100000F007005044216888606AE00420616851
:105C2000A0FB015003461920A9FB007001462A463B
:105C30003846FAF7F4FB824604206168A0FB015065
:105C400003461920A9FB007001462A463846FAF798
:105C5000E6FB6421B0FBF1F000EBC00101EB0010AA
:105C6000AAEB8000322101EB00106421B0FBF1F0BF
:105C700000F0F00A04206168A0FB017003461920BF
:105C8000A9FB00513A462846FAF7C9FB6421B0FB4C
:105C9000F1F00AEB001A04206168A0FB01510B46E9
:105CA0001920A9FB00712A463846FAF7B8FB83464B
:105CB00004206168A0FB015003461920A9FB007075
:105CC00001462A463846FAF7AAFB6421B0FBF1F0F8
:105CD00000EBC00101EB0010ABEB8000322101EBC7
:105CE00000106421B0FBF1F000F00F005044216877
:105CF0008860BDE8F88F00000010014000140140EA
:105D0000014691F84100212828D18868B0F5805FCC
:105D10000BD1086948B90A6A1088C0F308000B68FB
:105D20005860086A801C086205E00B6A581C08620B
:105D300018780B685860C88C401E80B2C88458B967
:105D40000868C06820F080000B68D8600868C068E8
:105D500040F040000B68D860002070470220FCE74C
:105D600010B50248FEF7B4FD10BD0000740C002011
:105D700010B540F6E8020749074802F08BFF802281
:105D80000649074802F086FF064A01210648FFF748
:105D900037F810BDBC0100200C0100203C010020A0
:105DA000F000002091680008FC0B002070B504464C
:105DB0000D462A462146034802F0BCFF00F004F8D5
:105DC00070BD00000C01002070B5002500BFEFF38E
:105DD0001080044672B6FA480068002876D1F94867
:105DE00002F02EFFF649086000286FD0F6480068E0
:105DF000006820F00100F44909680860F248006872
:105E0000F249884269D9F0480068F149884201D1D5
:105E100020205EE0EC480068EC494839884201D116
:105E2000202056E0E8480068E9496031884201D105
:105E300020204EE0E4480068E4491831884201D14E
:105E4000202046E0E0480068E1491831884201D14D
:105E5000C0143EE0DC480068DC493039884201D19A
:105E6000C01436E0D8480068D9497831884201D159
:105E7000C0142EE0D4480068D4493031884201D1A2
:105E8000C01426E0D0480068D1493031884202D1A0
:105E90004FF400101DE0CC480068CC491839884206
:105EA00002D14FF4001014E0C7480068C84990318F
:105EB000884202D14FF400100BE0C3480068C34988
:105EC0004831884203D14FF4001002E0F7E34FF06D
:105ED0000060BE494C39086045E1BB480068BC49D8
:105EE000A831884268D9B8480068B949884201D1C8
:105EF00020205DE0B4480068B4494839884201D1A7
:105F0000202055E0B0480068B1496031884201D195
:105F100020204DE0AC480068AC491831884201D1DE
:105F2000202045E0A8480068A9491831884201D1DD
:105F3000C0143DE0A4480068A4493039884201D12A
:105F4000C01435E0A0480068A1497831884201D1E9
:105F5000C0142DE09C4800689C493031884201D132
:105F6000C01425E09848006899493031884202D130
:105F70004FF400101CE09448006894491839884296
:105F800002D14FF4001013E08F480068904990311F
:105F9000884202D14FF400100AE08B4800688B4918
:105FA0004831884202D14FF4001001E04FF0006008
:105FB000864950390860D6E08348006884494831F2
:105FC000884268D9804800688149884201D12020F0
:105FD0005DE07D4800687D494839884201D1202034
:105FE00055E0794800687A496031884201D1202023
:105FF0004DE07548006875491831884201D120206C
:1060000045E07148006872491831884201D1C014D6
:106010003DE06D4800686D493039884201D1C014B7
:1060200035E0694800686A497831884201D1C01476
:106030002DE06548006865493031884201D1C014BF
:1060400025E06148006862493031884202D14FF44E
:1060500000101CE05C4800685C491839884202D195
:106060004FF4001013E058480068594990318842B5
:1060700002D14FF400100AE05348006853494831F8
:10608000884202D14FF4001001E04FF00060504907
:106090001039C86067E04C4800684D49884201D11A
:1060A00020205DE04848006848494839884201D1CD
:1060B000202055E04448006845496031884201D1BC
:1060C00020204DE04048006840491831884201D105
:1060D000202045E03C4800683D491831884201D104
:1060E000C0143DE03848006838493039884201D151
:1060F000C01435E03448006835497831884201D110
:10610000C0142DE03048006830493031884201D158
:10611000C01425E02C4800682D493031884202D156
:106120004FF400101CE028480068284918398842BC
:1061300002D14FF4001013E0234800682449903145
:10614000884202D14FF400100AE01F4800681F493E
:106150004831884202D14FF4001001E04FF0006056
:106160001B4910398860184800681849884272D95C
:10617000154800681649884201D1102066E012488F
:10618000006812494839884201D110205EE00E486B
:1061900000680F496031884201D1102056E00A485A
:1061A00000680A491831884201D110204EE00648A3
:1061B00000680749183188420CD1001546E00000FC
:1061C000000000200C010020EC0C0020586402406C
:1061D00010600240F8480068F849884201D1001573
:1061E00034E0F5480068F649884201D100152DE0F9
:1061F000F1480068F1496031884201D1001525E07D
:10620000ED480068EE494839884202D14FF48010C9
:106210001CE0E9480068E9491831884202D14FF48E
:10622000801013E0E4480068E5491831884202D143
:106230004FF480100AE0E0480068E0497831884275
:1062400002D14FF4801001E04FF08060DB491C392F
:10625000086043E1FFE7D8480068D94930318842F7
:1062600067D9D5480068D6497839884201D11020CD
:106270005BE0D1480068D1491839884201D110202B
:1062800053E0CD480068CE491839884201D110202A
:106290004BE0C9480068C9494831884201D1102003
:1062A00043E0C5480068C6496039884201D10015FD
:1062B0003BE0C1480068C149884201D1001534E083
:1062C000BD480068BE49884201D100152DE0BA489A
:1062D0000068BA496031884201D1001525E0B6480E
:1062E0000068B7494839884202D14FF480101CE059
:1062F000B1480068B1491831884202D14FF480108A
:1063000013E0AD480068AE491831884202D14FF41D
:1063100080100AE0A8480068A8497831884202D174
:106320004FF4801001E04FF08060A44920390860EC
:10633000D4E0A1480068A2493039884267D99E4814
:1063400000689F497839884201D110205BE09A4863
:1063500000689A491839884201D1102053E09648C4
:10636000006897491839884201D110204BE09248C3
:10637000006892494831884201D1102043E08E489C
:1063800000688F496039884201D100153BE08A4896
:1063900000688A49884201D1001534E086480068C7
:1063A0008749884201D100152DE083480068834960
:1063B0006031884201D1001525E07F48006880499E
:1063C0004839884202D14FF480101CE07A480068B6
:1063D0007A491831884202D14FF4801013E0764890
:1063E000006877491831884202D14FF480100AE0E2
:1063F0007148006871497831884202D14FF48010A9
:1064000001E04FF080606E498839C86066E06A48F4
:1064100000686B497839884201D110205BE06648FA
:10642000006866491839884201D1102053E062485B
:10643000006863491839884201D110204BE05E485A
:1064400000685E494831884201D1102043E05A4833
:1064500000685B496039884201D100153BE056482D
:1064600000685649884201D1001534E0524800685E
:106470005349884201D100152DE04F4800684F492B
:106480006031884201D1001525E04B4800684C4935
:106490004839884202D14FF480101CE04648006819
:1064A00046491831884202D14FF4801013E0424827
:1064B000006843491831884202D14FF480100AE045
:1064C0003D4800683D497831884202D14FF4801040
:1064D00001E04FF080603A498839886036480068AA
:1064E0003649303188426ED93348006834497839AA
:1064F000884201D108205BE02F4800682F491839F5
:10650000884201D1082053E02B4800682C491839F3
:10651000884201D108204BE02748006827494831CC
:10652000884201D1082043E02348006824496039AB
:10653000884201D140153BE01F4800681F4988424E
:1065400001D1401534E01C4800681D49884201D142
:1065500040152DE01848006818496031884201D183
:10656000401525E01448006815494839884202D191
:106570004FF400201CE01048006810491831884290
:1065800002D14FF4002013E00B4800680C49183189
:10659000884202D14FF400200AE00748006807490A
:1065A0007831884202D14FF4002001E04FF00070B2
:1065B00002491C3908604CE1EC0C002028640240C0
:1065C00088600240FFE7AC480068AC49884268D95F
:1065D000A9480068A949A839884201D108205CE08F
:1065E000A5480068A649884201D1082055E0A24884
:1065F0000068A2494839884201D108204DE09E48F0
:1066000000689F496031884201D1082045E09A48DE
:1066100000689A499039884201D140153DE096487A
:10662000006897491831884201D1401535E09248F9
:10663000006892493039884201D140152DE08E48DA
:1066400000688F497831884201D1401525E08A4899
:1066500000688A497839884202D14FF400201CE052
:106660008548006886493031884202D14FF40020C5
:1066700013E08148006881491839884202D14FF4FB
:1066800000200AE07C4800687D499031884202D1B0
:106690004FF4002001E04FF000707949083908609C
:1066A000D7E07548006875496039884269D97248F1
:1066B00000687249A839884202D108205DE0D4E020
:1066C0006D4800686E49884201D1082055E06A484B
:1066D00000686A494839884201D108204DE066487F
:1066E000006867496031884201D1082045E062486E
:1066F000006862499039884201D140153DE05E480A
:1067000000685F491831884201D1401535E05A4888
:1067100000685A493039884201D140152DE0564869
:10672000006857497831884201D1401525E0524828
:10673000006852497839884202D14FF400201CE0A9
:106740004D4800684E493031884202D14FF4002054
:1067500013E04948006849491839884202D14FF48A
:1067600000200AE04448006845499031884202D13F
:106770004FF4002001E04FF000704049B839C86084
:1067800067E03D4800683D49A839884201D10820AA
:106790005CE0394800683A49884201D1082055E058
:1067A0003548006835494839884201D108204DE014
:1067B0003148006832496031884201D1082045E003
:1067C0002D4800682D499039884201D140153DE09F
:1067D000294800682A491831884201D1401535E01E
:1067E0002548006825493039884201D140152DE0FF
:1067F0002148006822497831884201D1401525E0BE
:106800001D4800681D497839884202D14FF40020A4
:106810001CE0194800681A493031884202D14FF40F
:10682000002013E01448006814491839884202D146
:106830004FF400200AE01048006811499031884266
:1068400002D14FF4002001E04FF000700B49B8393D
:1068500088600C4802F0DEF906460B48006882B2F8
:1068600031460A48FEF71CFB012500BF84F310885F
:1068700000BF284670BD0000EC0C0020B86002404C
:10688000106402400C01002000000020FC0B0020DE
:1068900010B5044605480168054802F013FA0020C7
:1068A00002490860FFF790FA10BD000000000020C8
:1068B0000C01002000BFFEE703B4019841000098DE
:1068C00050EAC12018BF04204A0D18BF40F0010053
:1068D00040F2FF72B2EB515F08BF40F002000128A6
:1068E00008BF052002B0704701464FF07F40B0EB73
:1068F000410F01D1012070470020FCE7014621F043
:106900000040C0F1FF40C00F70470000024800681F
:10691000C0F30220704700000CED00E010B5002825
:1069200004DB0A07130E054A135406E00A07140E87
:10693000034A00F00F031B1FD45410BD00E400E015
:1069400018ED00E0EFF30580704710B52DED028BD8
:10695000B0EE608AF0EE408A18EE101A18EE900A37
:1069600004F0F4FE00F07040B0F1005F0CD018EEBF
:10697000100A20F00040C0F1FF40C00F02BFB0EE8F
:10698000480ABDEC028B10BDB0EE680ABDEC028B6C
:1069900010BD10B52DED028BB0EE608AF0EE408A8E
:1069A00018EE101A18EE900A04F0D0FE00F07040B5
:1069B000B0F1004F0CD018EE100A20F00040C0F1EA
:1069C000FF40C00F02BFB0EE480ABDEC028B10BD05
:1069D000B0EE680ABDEC028B10BD30380A2801D237
:1069E000012070470020704700BF70471CB500248D
:1069F000FFF7BEF9FBF788FB02F014FA044602F039
:106A0000A9F8044608A20AA10BA001F0BFF84CB9EE
:106A10000CA01B21114B12A2CDE9001015A10320DF
:106A200001F038FA20461CBD56302E312E300000C1
:106A300056312E302E300000436D4261636B74720C
:106A40006163650061707020696E6974207375639D
:106A500065737366756C6C792100000038BB0008A3
:106A60002E2E5C6170705C6170705F696E69742E4F
:106A7000630000004150505F494E4954000000003F
:106A800030B52DED048B85B005469FED670AB0EE5D
:106A9000409A0024BFE005F1B00000EB840090EDC7
:106AA000000AB5EEC00AF1EE10FA4BDD05F1A800C0
:106AB00000EB840090ED000A10EE101A084604F076
:106AC0000DFE41EC180B9FED590B53EC102B04F00D
:106AD00075FD37D205F19300005D00BB012105F182
:106AE0009300015504EB041205F1B80101EB82009B
:106AF00002F0ACFB04EB041205F5A07101EB82007F
:106B000002F0A4FB05F1A00000EB840090ED000A68
:106B100005F1980000EB840080ED000A7AE09FED1B
:106B2000420A2146284600F085FBBDEEC00A10EE61
:106B3000100A02B205F18400A11C20F8112020F8EF
:106B4000142067E095ED200AF0EE401A05F1A80147
:106B500001EB840191ED000AF0EE400A04EB04120F
:106B600005F5A07101EB82009FED2F1A9FED2E0A13
:106B700002F042FA01A800EB840080ED000A95EDD6
:106B8000201AF0EE411A05F1B00101EB840191EDFC
:106B9000001AF0EE410A01A901EB840191ED001AFF
:106BA000B0EE410A04EB041205F1B80101EB8200DA
:106BB0009FED1D1A02F020FA03A800EB840080ED7F
:106BC000000A03A800EB840090ED000AF0EE400AF2
:106BD0009FED180AFFF7DDFEF0EE408AF0EE680A3E
:106BE0009FED150AFFF7B1FEB0EE408ABDEEC80A70
:106BF00010EE100A01B205F1840020F81410BDEE69
:106C0000C80A10EE100A02B205F18400A11C20F897
:106C1000112000BF641C022CFFF63DAF002005B020
:106C2000BDEC048B30BD000000000000000000003F
:106C30000000000000401C4600401CC610B5044681
:106C4000204600F095FC94F87100022801D1012043
:106C500010BD0020FCE700001CB5044694F871004C
:106C6000072803D1204600F0A3F87FE094F87100D4
:106C7000022814D12046FFF703FF9FED4C0A0021A4
:106C8000204600F01DFC9FED490A0121204600F03E
:106C900017FC9FED460A204600F096FB66E094F84C
:106CA000710005281DD19FED410A0021204600F00A
:106CB000C1FA9FED3E0A0121204600F0BBFA9FED8C
:106CC0003B0A0021204600F0FBFB9FED380A012122
:106CD000204600F0F5FB9FED350A204600F074FBDE
:106CE00044E094F87100062840D194F8720000F056
:106CF000010080B1D4ED940AB0EE600A0021204674
:106D000000F00CFAD4ED940AB0EE600A012120469E
:106D100000F004FA0BE09FED250A0021204600F068
:106D200089FA9FED220A0121204600F083FA94F8A7
:106D3000720000F0040038B1D4EDDA0AB0EE600A57
:106D4000204600F0FFFA11E094F8720000F0020013
:106D500038B1D4EDDD0AB0EE600A204600F034FB15
:106D600004E09FED120A204600F02EFBB4F98A00E1
:106D7000B4F98810CDE90010B4F98630B4F9842054
:106D80004FF400710220FBF777FB0021B4F990006B
:106D9000CDE90001B4F98E30B4F98C2040F2FF1136
:106DA0000220FBF769FB00201CBD00000000000072
:106DB00070B52DED068B82B00446002500269FEDB0
:106DC000280AF0EE408A9FED270AB0EE408A2DBBDC
:106DD00026BB94ED200AF0EE401A94ED2C0AF0EE5A
:106DE000400A9FED201AB0EE680A04F1B80002F0E4
:106DF00003F9B0EE408A18EE100A04F06FFC41EC83
:106E0000190B18EE900A04F069FC41EC1A0B8DED99
:106E1000009B53EC1A2B14A002F024F8F0EE480A61
:106E20009FED130AFFF7B5FDB0EE409AF0EE490A68
:106E30009FED100AFFF789FDB0EE408ABDEEC80A4B
:106E400010EE100A00B2A4F88400BDEEC80A10EEDD
:106E5000100A01B28820015302B0BDEC068B70BD50
:106E60000000C8420000000025662C25660A0000CC
:106E700000401C4600401CC67CB504465CB997A087
:106E8000BB219C4B9CA2CDE90010A0A1022001F0E7
:106E900001F801207CBD002506E0E8B201F038FED3
:106EA00004EB051108606D1C042DF6DB002508E0DD
:106EB000E8B201F039FE04F1400101EB0511086070
:106EC0006D1C022DF4DB01F02BFE2066002537E05F
:106ED00005EB051204F5E47101EB82009FED8D0ACC
:106EE000002102F08DF905EB051204F1B80101EB68
:106EF00082009FED880A002102F082F905EB05125D
:106F000004F5A07101EB82009FED820A002102F0DE
:106F100077F905EB051204F5387101EB82009FED5E
:106F20007D0A002102F06CF905EB051204F51671DB
:106F300001EB82009FED770A002102F061F96D1CE0
:106F4000022DC5DB9FED742ADFED731A9FED721AD7
:106F5000DFED710A9FED700A04F5E47002F07EF92E
:106F60009FED6D2ADFED6C1A9FED6B1ADFED6A0A5B
:106F70009FED690A04F5037002F070F99FED662A2F
:106F8000DFED651A9FED641ADFED630AB6EE000AC5
:106F900004F1B80002F062F99FED5F2ADFED5E1A9E
:106FA0009FED5D1ADFED5C0A9FED5B0A04F1FC00CA
:106FB00002F054F99FED582ADFED571A9FED561A4B
:106FC000DFED550A9FED540A04F5A07002F046F972
:106FD0009FED512ADFED501A9FED4F1ADFED4E0A5B
:106FE0009FED4D0A04F5C27002F038F99FED4A2A70
:106FF000DFED491A9FED481ADFED470A9FED460A7B
:1070000004F5387002F02AF99FED432ADFED421AA9
:107010009FED411ADFED400A9FED3F0A04F54970EC
:1070200002F01CF99FED3C2ADFED3B1A9FED3A1A66
:10703000DFED390A9FED380A04F5167002F00EF9FB
:107040009FED352ADFED341A9FED331ADFED320A5A
:107050009FED310A04F5277002F000F9012084F851
:107060007100002084F8700000BF23E0002204F1CA
:1070700093010A549FED280A491D01EB800181ED1F
:10708000000A9FED250A04F1A00101EB800181EDCA
:10709000000A9FED210A04F1A80101EB800181EDB6
:1070A000000A9FED1D0A04F1B00101EB800181EDA2
:1070B000000A401C0228D9DB9FED170A84EDDB0A89
:1070C0009FED150A84EDDA0A0021A167E1679FEDC3
:1070D000110A84ED200A0020DCE6000070747220A2
:1070E00061726D2063726561746564206661696CAC
:1070F00065640A0061BB00082E2E5C6170705C61E3
:1071000070705F61726D2E63000000006170705FCF
:1071100061726D006F12833A0000000070B52DEDB2
:10712000068B04460D46F0EE409A1CB1002D01DBA3
:10713000022D02DBBDEC068B70BD04F1A00000EB5C
:107140008500D0ED008A94ED200AF0EE401A05EBA0
:10715000051204F5E47101EB82009FED1B1AF0EEBD
:10716000680AB0EE690A01F047FFB0EE409AB0EE4F
:10717000490A2946204600F05DF8B0EE408AF0EE5C
:10718000480A9FED120AFFF704FCB0EE40AAF0EEA9
:107190004A0A9FED0F0AFFF7D8FBB0EE408ABDEE1A
:1071A000C80A10EE100A01B204F1840020F815108C
:1071B000BDEEC80A10EE100A02B204F18400A91C48
:1071C00020F8112000BFB5E70000000000401C4679
:1071D00000401CC670B52DED048B04460D46B0EE84
:1071E000409A1CB1002D01DB022D04DB9FED100A3B
:1071F000BDEC048B70BD04F1B00000EB850090ED98
:10720000008A94ED200AF0EE401A05EB051204F115
:10721000B80101EB82009FED061AF0EE480AB0EECD
:10722000490A01F0E9FEF0EE408AB0EE680ADFE7B5
:107230000000000070B52DED068B04460D46F0EE03
:10724000409A1CB1002D01DB022D04DB9FED260AC4
:10725000BDEC068B70BD04F1A80000EB8500D0EDFD
:10726000008A94ED200AF0EE401A05EB051204F5B1
:10727000A07101EB82009FED1C1AF0EE680AB0EEDF
:10728000690A01F0B9FEB0EE409AB0EE490A29460B
:107290002046FFF79FFFB0EE408AF0EE480A9FEDD0
:1072A000130AFFF776FBB0EE40AAF0EE4A0A9FED14
:1072B000100AFFF74AFBB0EE408ABDEEC80A10EE96
:1072C000100A01B204F1840020F81510BDEEC80ABE
:1072D00010EE100A02B204F18400A91C20F811205B
:1072E000B0EE480AB4E700000000000000401C4671
:1072F00000401CC610B52DED048B0446B0EE409A3C
:1073000024B99FED0F0ABDEC048B10BD206EB0F9BF
:10731000040000EE100AB8EEC08A94ED200AF0EEE8
:10732000401A9FED071AF0EE480AB0EE490A04F53C
:10733000806001F061FEF0EE408AB0EE680AE2E79C
:107340000000000010B52DED068B0446F0EE409ACB
:1073500014B9BDEC068B10BD94EDDB8A94ED200AC8
:10736000F0EE401A9FED151AF0EE480AB0EE690AE9
:1073700004F55E7001F040FEF0EE408AB0EE680A5F
:10738000204600F021F8B0EE409AF0EE490A9FED59
:107390000C0AFFF7FEFAB0EE40AAF0EE4A0A9FEDA3
:1073A000090AFFF7D2FAB0EE409ABDEEC90A10EE14
:1073B000100A01B29020015300BFCAE7000000008C
:1073C00000007A4600007AC610B52DED068B044603
:1073D000F0EE409A24B99FED1C0ABDEC068B10BD5F
:1073E000D4EDDC8A94ED200AF0EE401A9FED161AD7
:1073F000F0EE680AB0EE690A04F56F7001F0FCFD6A
:10740000B0EE409AB0EE490A2046FFF773FFB0EEA7
:10741000408AF0EE480A9FED0D0AFFF7BAFAB0EE87
:1074200040AAF0EE4A0A9FED0A0AFFF78EFAB0EE84
:10743000408ABDEEC80A10EE100A01B29020015336
:10744000B0EE480AC9E700000000000000007A46DC
:1074500000007AC670B52DED048B04460D46B0EEE3
:10746000409A1CB1002D01DB022D04DB9FED130AB5
:10747000BDEC048B70BD04F1400000EB051000680A
:10748000B0F9040000EE100AB8EEC08A94ED200AAC
:10749000F0EE401A05EB051204F5387101EB82009D
:1074A0009FED061AF0EE480AB0EE490A01F0A4FD7D
:1074B000F0EE408AB0EE680ADAE700000000000053
:1074C00070B52DED068B04460D46F0EE409A1CB1CA
:1074D000002D01DB022D02DBBDEC068B70BD04F13B
:1074E000400000EB05100068008800EE100AB8EEBE
:1074F000408A94ED200AF0EE401A05EB051204F5DF
:10750000167101EB82009FED171AF0EE480AB0EEFB
:10751000690A01F071FDF0EE408AB0EE680A294672
:107520002046FFF797FFB0EE409AF0EE490A9FED34
:107530000E0AFFF72EFAB0EE40AAF0EE4A0A9FEDCF
:107540000B0AFFF702FAB0EE409ABDEEC90A10EE40
:10755000100A02B204F18400291D20F8112000BF96
:10756000BAE700000000000000401C4600401CC6B6
:107570002DE9F041044601F0DFFA05460E46D4E954
:107580001E012A1A66EB0101104604F008F900EE0C
:10759000100ADFED1D0A80EE201A84ED201A002368
:1075A000D4E91E0158405940084304D0D4E91E10C4
:1075B000491BB04103D39FED150A84ED200A00203A
:1075C0001AE004EB00110968B1F90420811C04EBF6
:1075D00001110968B1F90410114400EE101AB8EE57
:1075E000C00AF6EE000A20EE200A04F1B00101EB19
:1075F000800181ED000A401C0228E2DBC4E91E562E
:107600000020BDE8F0810000002474496F12833A25
:107610002DE9FC410646F568377C96F80980741C14
:10762000012F5ED140F20221681A8D421BD008DC86
:10763000012D0BD0022D0AD0A5F2012000284ED139
:1076400010E0012810D0022849D10EE000BF55A05B
:107650005C21584B58A2CDE900105CA1032000F03A
:1076600019FC3DE000BF00BF00BF5AA06321514B91
:1076700051A2CDE9001055A1032000F00BFCA5F2AA
:107680000120584901EB00100188A5F20120554A5C
:1076900002EB0010C1806078217840EA0121A5F258
:1076A000012002EB00100180E078A17840EA01207F
:1076B00001B2A5F2012002EB00104180607921792E
:1076C00040EA012001B2A5F2012002EB0010818006
:1076D000A179A5F2012002EB0010017300E000BFC8
:1076E0005DE0022F5BD1A5F20120072855D2DFE82B
:1076F00000F0040506070809390000BF00BF00BFFD
:1077000000BF00BFA5F20120374901EB001001883E
:10771000A5F20120344A02EB0010C1806078217884
:1077200040EA0121A5F2012002EB00100180E0787F
:10773000A17840EA012001B2A5F2012002EB00107D
:1077400041806079217940EA012001B2A5F201204F
:1077500002EB00108180A179A5F2012002EB00105C
:1077600001731BE0214800882049C8806078217897
:1077700040EA01201D490880E078A17840EA012014
:1077800000B21A4948806079217940EA012000B2AC
:1077900016498880A079087300E000BF00BFBDE8EB
:1077A000FC810000746573743A69643A3078313250
:1077B000330A000055BB00082E2E5C6170705C61BE
:1077C00070705F63616E2E63000000004150505F77
:1077D00043414E00746573743A69643A30783230CC
:1077E000310A0000A411002044110020E4110020FF
:1077F0002DE9F05F0746894616463648D0F80080E6
:1078000000253548D0F800A0AB463448007800B3D6
:1078100033480078E8B93348826928466D1C47F838
:10782000202030484069441E2F480068844210D30D
:107830002D4800682D4909680844A04209D3102D3D
:1078400007D24D4505D228466D1C47F820404FF021
:10785000010B2348007848B1464501D2464605E071
:1078600008EB0A00B04201D208EB0A062AE03068B1
:10787000041F04F0010000B923E03068441E1A48D8
:107880000068001D84421BD3174800681749096827
:107890000844A04214D3102D12D2201F00F0C6F9C4
:1078A00070B14D450CD2022D06D1BBF1000F03D0B3
:1078B0007868A04200D104E028466D1C47F82040BB
:1078C00000BF361D08EB0A00B042D0D82846BDE8FC
:1078D000F09F0000500000205400002061000020B4
:1078E0006200002000110020580000205C000020F1
:1078F0002DE9F0438DB081460E4635462C462022B8
:10790000634905A8F9F7E7F8624807686248D0F8C4
:1079100000806248007848B9614A62A163A001F022
:10792000A1FA6AA001F09EFA00BFFEE7684800785D
:1079300048B15B4A67A15DA001F094FA63A001F031
:1079400091FA00BFFEE701206149087064A001F0D0
:1079500089FA5EA001F086FA00F002F96149C86A6E
:1079600001F080FA59A001F07DFA203529464846F9
:1079700002F040FC0546BD4203D307EB0800A842D5
:1079800002D20120584908702A464146384600F084
:1079900065F95548007800284BD15249086B01F031
:1079A00061FA4AA001F05EFA5049206808606068F8
:1079B0004860A0688860E068C86020690861606904
:1079C0004861A0698861E069C8610846C068474AA3
:1079D00008999268079BCDE90132CDE9031043482D
:1079E000406800904148069B026841A0059901F05B
:1079F00039FA36A001F036FA3C48C0693B4A0C9986
:107A000092690B9BCDE90132CDE9031037484069FB
:107A1000009036480A9B026935A0099901F022FAC4
:107A20002AA001F01FFA3DA001F01CFA27A001F0E6
:107A300019FA4A4800682D4908624848001D007834
:107A400081F8240045481030006888624348401D92
:107A5000007881F82C0041481430006808633F48E2
:107A6000801D008888863D480830006888633B4850
:107A70000C300088C863394818300088086400F06A
:107A80005BFE284601F048FC0DB0BDE8F083000025
:107A900018BB0008500000205400002060000020A7
:107AA00004BB0008696E69745F6F6B002825732939
:107AB0002068617320617373657274206661696CFC
:107AC00065642061742025732E0000000D0A0000FB
:107AD00061000020216F6E5F6661756C74000000AC
:107AE0000000000058BA00086200002000110020C9
:107AF000202025733A2025303878202025733A201D
:107B000025303878202025733A20253038782020F9
:107B100025733A2025303878000000003D3D3D3D7A
:107B20003D3D3D3D3D3D3D3D3D3D3D3D3D3D3D3D85
:107B30003D3D3D3D3D3D3D3D3D3D3D3D3D3D3D3D75
:107B40003D3D3D3D3D3D3D3D3D3D3D3D3D3D3D3D65
:107B50003D3D3D3D3D3D3D3D3D3D000024ED00E0D2
:107B600010B50549054B064A4868064901F07AF9FF
:107B700005A001F077F910BD58BA00085010002098
:107B800030100020101000200D0A000070B50446CF
:107B90000E461546202221461648F9F71FF82022E6
:107BA00031461548F9F71AF8202229461348F9F703
:107BB00015F813481349086013480968401A134917
:107BC000086013481349086013480968401A1349AC
:107BD00008600E48006838B91149086801F042F998
:107BE00010A001F03FF970BD01200F49087000BFDF
:107BF000F9E7000010100020301000205010002085
:107C00008863002050000020886B00205400002072
:107C1000000000085800002018C700085C00002081
:107C200058BA00080D0A00006000002001460B88C9
:107C30004A8802F47840B0F5784F06D103F47840D2
:107C4000B0F5704F01D10120704702F47F40B0F5CC
:107C50008E4F01D10120F7E70020F5E770B505460A
:107C60000E4614461C480078D8B11C48007840B134
:107C70001B498869214601F0F5F81AA001F0F2F8D5
:107C800007E01749C869214601F0ECF815A001F09A
:107C9000E9F8AC4201D22C4603E0A819A04200D278
:107CA000AC190F49086901F0DDF80EA001F0DAF80F
:107CB00008E021460CA0226801F0D4F809A001F0E8
:107CC000D1F8241DA819A042F3D80EA001F0CAF8DB
:107CD00004A001F0C7F870BD62000020640000201D
:107CE00058BA00080D0A00002020616464723A202E
:107CF0002530387820202020646174613A202530B6
:107D0000387800003D3D3D3D3D3D3D3D3D3D3D3DE7
:107D10003D3D3D3D3D3D3D3D3D3D3D3D3D3D3D3D93
:107D20003D3D3D3D3D3D3D3D0000000070B586B010
:107D30000646002E1CD129480068002811D140F2C7
:107D4000AB10274927A22CA3CDE90310CDE90132BE
:107D500000900B4631A239A1002000F09BF800BF33
:107D6000FEE740F2AB121E491EA01C4B1B68984751
:107D700000240525334890F89C0010B9284606B029
:107D800070BD00F0C7FA002420E004EB440000EBD3
:107D900004112C4823300844807C012814D104EBC2
:107DA000440000EB0412274823301044411C1022E9
:107DB0003046F8F700FE38B904EB440000EB04113C
:107DC00020482330455C03E0601CC4B2052CDCDB9A
:107DD00000BF00F059FA2846D1E700004400002017
:107DE000E5B9000874616720213D202828766F6975
:107DF00064202A293029000028257329206861730E
:107E000020617373657274206661696C65642061BA
:107E1000742025733A256C642E0000002E2E5C6CB5
:107E20006962735C456173794C6F676765725C73F7
:107E300072635C656C6F672E63000000656C6F6732
:107E400000000000940D002010B50024104890F8A8
:107E50009C00012801D1204610BD00F04BFA0446D9
:107E60000CB12046F8E7012000F0EEF900200849A7
:107E700081F89F0081F8A000052000F04FFA00F083
:107E8000ADFA0120024981F89C002046E4E7000099
:107E9000940D00202DE9F04F8BB005460F46934618
:107EA00098463846F8F768FD814600244FF0020AEC
:107EB000002009900A90069007900890052D1CDD7F
:107EC000B0480068002811D140F20920AE49AFA2A5
:107ED000B5A3CDE90310CDE9013200900B46BBA25A
:107EE000C2A10020FFF7D6FF00BFFEE740F2092243
:107EF000A549A6A0A34B1B689847BE4890F89D00D3
:107F000010B90BB0BDE8F08FBA480078A84204DB86
:107F10003846FFF70BFFA84200DAF2E7B549491CE3
:107F20003846F8F717FD00B9EBE716A8059000F002
:107F300077F90121284600F083FD40B1AE4850F8A2
:107F40002520AE480119204600F076FB04440221AA
:107F5000284600F075FDE8B1A84801193A462046C8
:107F600000F06AFB0444B9F1080F0CD8C9F108010C
:107F7000202206A8F8F7E1FDA048011906AA20462C
:107F800000F05AFB04449D4801199DA2204600F0D0
:107F900053FB04441C21284600F052FD002852D017
:107FA0009648011997A2204600F046FB044404219C
:107FB000284600F045FDA8B100F088F904908F48EC
:107FC00001192046049A00F037FB04441821284682
:107FD00000F036FD30B18948011989A2204600F031
:107FE0002BFB04440821284600F02AFDA8B100F02C
:107FF0005FF90490814801192046049A00F01CFBA7
:1080000004441021284600F01BFD30B17B480119C3
:108010007BA2204600F010FB04441021284600F00B
:108020000FFD48B100F04CF9049074480119204646
:10803000049A00F001FB04447048011972A2204622
:1080400000F0FAFA0444E021284600F0F9FC002888
:108050005CD06A4801196DA2204600F0EDFA044494
:108060002021284600F0ECFCF8B1644801195A467A
:10807000204600F0E1FA04444021284600F0E0FCEC
:1080800038B15E4801195EA2204600F0D5FA0444DA
:108090000BE08021284600F0D3FC30B1574801198D
:1080A0005BA2204600F0C8FA04444021284600F0B4
:1080B000C7FC90B1514801194246204600F0BCFA75
:1080C00004448021284600F0BBFC30B14B48011924
:1080D0004FA2204600F0B0FA04448021284600F068
:1080E000AFFC60B14BA2052109A8149BF8F73EFA3A
:1080F0004248011909AA204600F09EFA04443F486C
:10810000011945A2204600F097FA0444C4F5807195
:108110003A4A1019059B159AF8F7F8F90646002017
:108120000590A019B0F5807F03D8002E01DB344400
:1081300001E04FF4807404EB0A00B0F5807F03D9AE
:108140004FF48074A4EB0A042A48807C58B10020C4
:108150002A490855274912312848F8F7FBFB10B97E
:1081600000F092F8CDE6254801192CA2204600F037
:1081700063FA04442146214800F0BEF800F084F878
:1081800000BFBEE644000020FDB900086C657665BE
:108190006C203C3D20454C4F475F4C564C5F56454C
:1081A00052424F534500000028257329206861730F
:1081B00020617373657274206661696C6564206107
:1081C000742025733A256C642E0000002E2E5C6C02
:1081D0006962735C456173794C6F676765725C7344
:1081E00072635C656C6F672E63000000656C6F677F
:1081F00000000000940D00202C000020380E00200C
:10820000200000005B0000005D200000280000004E
:108210003A000000256C6400290000000D0A0000EF
:1082200010B5084890F89E0030B100F073F80120B6
:10823000044981F8A00003E00120024981F89F0071
:1082400010BD0000940D002010B504460D4880F8C4
:108250009E4090F89E00A0B10A4890F8A00030B966
:10826000084890F89F0010B100F054F809E0054864
:1082700090F8A00028B1034890F89F0008B900F0DA
:108280004BF810BD940D002010B5084890F89E00E2
:1082900030B100F041F80020044981F8A00003E06B
:1082A0000020024981F89F0010BD0000940D0020BD
:1082B00000A070477069643A313030380000000027
:1082C00000A070477469643A323400007CB500F055
:1082D00033FC04A2CDE9000110210548F8F746F966
:1082E00003487CBD75733A253031306C6C640000F6
:1082F000001000200020704770B504460D4622464D
:10830000294602A000F0AEFD70BD0000252E2A73A4
:108310000000000072B6704762B6704710B586B0B4
:108320000446052C1CDD10480068002811D140F2DD
:1083300025100E490EA215A3CDE90310CDE9013297
:1083400000900B461AA222A10020FFF7A3FD00BF58
:10835000FEE740F22512054905A0034B1B6898472C
:108360001D48047006B010BD44000020B9B90008D3
:108370006C6576656C203C3D20454C4F475F4C5604
:108380004C5F564552424F53450000002825732943
:108390002068617320617373657274206661696C13
:1083A00065642061742025733A256C642E000000FA
:1083B0002E2E5C6C6962735C456173794C6F6767E4
:1083C00065725C7372635C656C6F672E630000009E
:1083D000656C6F6700000000940D002010B500244C
:1083E00000BF19E004EB440101EB04120C491144F5
:1083F000481C1121F8F7A9FB002104EB440000EB15
:1084000004120748815404EB440000EB04120448B2
:1084100010448174601CC4B2052CE3DB10BD000065
:10842000B70D002030B585B004460D46052C1CDD87
:1084300010480068002811D140F20B100E490FA21D
:1084400015A3CDE90310CDE9013200900B461BA224
:1084500022A10020FFF71EFD00BFFEE740F20B1235
:10846000054906A0034B1B6898471E4840F8245056
:1084700005B030BD440000209CB900086C657665ED
:108480006C203C3D20454C4F475F4C564C5F564559
:1084900052424F534500000028257329206861731C
:1084A00020617373657274206661696C6564206114
:1084B000742025733A256C642E0000002E2E5C6C0F
:1084C0006962735C456173794C6F676765725C7351
:1084D00072635C656C6F672E63000000656C6F678C
:1084E00000000000180E002010B586B00446002CD5
:1084F0001CD0012C1AD010480068002810D1E220AE
:108500000E490FA218A3CDE90310CDE90132009066
:108510000B461EA225A10020FFF7BCFC00BFFEE712
:10852000E222064906A0044B1B689847214880F8C0
:108530009D4006B010BD00004400002084B9000832
:1085400028656E61626C6564203D3D2066616C73D8
:108550006529207C7C2028656E61626C6564203D05
:108560003D20747275652900282573292068617380
:1085700020617373657274206661696C6564206143
:10858000742025733A256C642E0000002E2E5C6C3E
:108590006962735C456173794C6F676765725C7380
:1085A00072635C656C6F672E63000000656C6F67BB
:1085B00000000000940D00200EB50120FFF794FF8D
:1085C00006A008A1D922114BCDE90021029010A2EA
:1085D00017A10320FFF75EFC0EBD0000322E322EE5
:1085E00030000000456173794C6F676765722056F3
:1085F000257320697320696E697469616C697A6595
:1086000020737563636573732E00000079B90008E9
:108610002E2E5C6C6962735C456173794C6F676781
:1086200065725C7372635C656C6F672E630000003B
:10863000656C6F6700000000F0B585B006460D461A
:1086400014462746002D19D12348006880B92C20F4
:10865000224923A223A3CDE90310CDE901320090E2
:108660000B4629A231A10020FFF714FC00BFFEE752
:108670002C221A491AA0184B1B689847002C19D1B4
:108680001548006880B92D2014492AA215A3CDE908
:108690000310CDE9013200900B461BA223A100205C
:1086A000FFF7F8FB00BFFEE72D220C4921A00A4B83
:1086B0001B68984709E03046761CFF2804D814F858
:1086C000010B05F8010B00E002E020780028F2D150
:1086D00000BFE01B05B0F0BD4400002035BA000823
:1086E0006473740028257329206861732061737393
:1086F000657274206661696C6564206174202573FD
:108700003A256C642E0000002E2E5C6C6962735C4E
:10871000456173794C6F676765725C7372635C6502
:108720006C6F675F7574696C732E6300656C6F673F
:10873000000000007372630010B5BE4890F8380066
:10874000C0F3400030B1BC49486B00F08BFBBBA0CC
:1087500000F088FBB748806BC0F3807000287DD0A4
:10876000B44890F8240000285BD0B24890F8240068
:1087700000F0010030B1B049886B00F073FBAFA08E
:1087800000F070FBAB4890F82400C0F3400030B11B
:10879000A949C86B00F066FBA8A000F063FBA548E0
:1087A00090F82400C0F3C00030B1A349086C00F079
:1087B00059FBA2A000F056FB9E4890F82400C0F39D
:1087C000001030B19C49486C00F04CFB9BA000F0BD
:1087D00049FB984890F82400C0F3401030B1964906
:1087E000886C00F03FFB95A000F03CFB914890F8AE
:1087F0002400C009A8B18F4890F8240000F00100BF
:1088000028B98C4890F82400C0F3400048B1894A48
:10881000916A894AD2F8900000F024FB87A000F00A
:1088200021FB844890F82C00002864D0814890F8FF
:108830002C0000F0010030B17F49C86C00F012FB41
:108840007EA000F00FFB7B4890F82C00C0F34000A6
:1088500040B17949086D00F005FB00E09BE077A08E
:1088600000F000FB734890F82C00C0F3800030B19A
:108870007149486D00F0F6FA70A000F0F3FA6D4807
:1088800090F82C00C0F3C00030B16B49886D00F047
:10889000E9FA6AA000F0E6FA664890F82C00C0F306
:1088A000001030B16449C86D00F0DCFA63A000F03C
:1088B000D9FA604890F82C00C0F3401030B15E49FE
:1088C000086E00F0CFFA5DA000F0CCFA594890F89D
:1088D0002C00C00978B1574890F82C00C0F3400034
:1088E00048B1544A116B544AD2F8940000F0BAFAD5
:1088F00052A000F0B7FA4F48808E00284BD04D4868
:1089000090F8340000F0010030B14B49486E00F09F
:10891000A9FA4AA000F0A6FA464890F83400C0F33D
:10892000400030B14449886E00F09CFA43A000F04A
:1089300099FA404890F83400C0F3800030B13E49C5
:10894000C86E00F08FFA3DA000F08CFA394890F81C
:108950003400C0F3C00030B13749086F00F082FA2C
:1089600036A000F07FFA3348808EC0F3002030B18B
:108970003149486F00F076FA30A000F073FA2D48C4
:10898000808EC0F3402030B12B49886F00F06AFA26
:108990002AA000F067FA2748806BC00F002848D053
:1089A0002448C06B002844D0224890F83C0000F0D6
:1089B000010030B12049C86F00F054FA1FA000F048
:1089C00051FA1C4890F83C00C0F3400038B11A49F5
:1089D000D1F8800000F046FA18A000F043FA1548DC
:1089E00090F83C00C0F3800038B11349D1F88400FE
:1089F00000F038FA11A000F035FA0E4890F83C006B
:108A0000C0F3C00038B10C49D1F8880000F02AFA50
:108A10000AA000F027FA074890F83C00C0F30010C5
:108A200038B10549D1F88C0000F01CFA03A000F021
:108A300019FA10BD0011002058BA00080D0A0000F4
:108A400030B585B004460D46052C1CDD1348006882
:108A5000002811D140F2A720114912A218A3CDE994
:108A60000310CDE9013200900B461EA225A1002083
:108A7000FFF710FA00BFFEE740F2A722084909A05D
:108A8000064B1B689847214850F82400284010B135
:108A9000012005B030BD0020FBE7000044000020AD
:108AA00009BA00086C6576656C203C3D20454C4F4A
:108AB000475F4C564C5F564552424F5345000000AD
:108AC000282573292068617320617373657274208F
:108AD0006661696C65642061742025733A256C6455
:108AE0002E0000002E2E5C6C6962735C4561737908
:108AF0004C6F676765725C7372635C656C6F672E41
:108B000063000000656C6F6700000000180E002015
:108B10000146024800EB011070470000441100209C
:108B200000487047E41100200146024800EB0110A4
:108B3000704700008411002004480068406A044B1C
:108B40001A685B68801843F100017047B40B00207D
:108B50004800002010B50248FBF7F0FB002010BDD4
:108B6000B40B00201CB5014659B1134B086898425C
:108B700007D1DB438869984203D1486808B1886807
:108B800008B900201CBD08690190C8680090DDE9A3
:108B90000030984201D18A680CE0DDE90003984278
:108BA00003D9DDE90003C21A04E08868DDE9004367
:108BB0001B1BC21A501EE5E7EFBEADDE1CB5014619
:108BC00059B1134B0868984207D1DB438869984232
:108BD00003D1486808B1886808B900201CBD08693D
:108BE0000190C8680090DDE90030984201D1002270
:108BF0000CE0DDE90030984203D9DDE90030C21A0B
:108C000004E08868DDE900341B1BC21A1046E5E762
:108C1000EFBEADDE014659B1084A0868904207D15F
:108C2000D2438869904203D1486808B1886808B97E
:108C300000207047CA6848681044FAE7EFBEADDE0E
:108C40000CB5014659B1124B0868984207D1DB4375
:108C50008869984203D1486808B1886808B900203B
:108C60000CBD08690190C8680090DDE900309842A9
:108C700003D9DDE90030C21A08E0DDE900039842BB
:108C800003D98868009BC21A00E000221046E7E77B
:108C9000EFBEADDE70B504460D4616460CB105B10B
:108CA0000EB9002070BD1C212046F7F770FFA660AA
:108CB000656003482060C043A0610120F2E7000026
:108CC000EFBEADDEF8B504460D4664B11849206824
:108CD000884208D1C943A069884204D1606810B1B4
:108CE000A06800B10DB90020F8BD2046FFF766FF6F
:108CF0000646B54201D2284600E030460546E06807
:108D000028440090A0680099884203D8A068009980
:108D1000081A00900098E06000BF606920B12A4600
:108D2000002120466369984700BF2846DCE7000021
:108D3000EFBEADDE2DE9F84304460F461546B946B1
:108D40006CB128492068884209D1C943A06988428A
:108D500005D1606818B1A06808B107B115B9002045
:108D6000BDE8F8832046FFF7FDFE8046A84501D206
:108D7000404600E0284605460DB90020F0E720698E
:108D80000090A0680099401AA84203D2A0680099F8
:108D9000401A00E0284606466168009A8818324664
:108DA0004946F7F753FE009830440090AD1B35B1AB
:108DB00009EB06012A466068F7F748FE0095A068AF
:108DC0000099884201D8002000900098206100BFDF
:108DD000606920B17219012120466369984700BF7C
:108DE0007019BDE7EFBEADDEFAF7CCFCFCF7E8FA90
:108DF000FCF730F9FCF7E8F8FCF7A2F8FCF7C2F84A
:108E0000FCF7AEF9FCF7E8F9FCF750FAFCF76AFA60
:108E1000FCF78CF900F04EF8FCF7F2F800F060F87F
:108E200000BFFEE710B5FFF70FF8FF210020FFF7A6
:108E3000F9FA07210120FFF7F5FA07210220FFF7D1
:108E4000F1FA07210320FFF7EDFAA7210420FFF72D
:108E5000E9FAA7210520FFF7E5FAFFF7ADFB0020AF
:108E600010BD00000FB438B505A80090C82108480F
:108E7000009B049AF7F74AFB044600200090A1B239
:108E80000348FCF793FF204638BC5DF814FB000054
:108E9000380F002070B50546FDF754FD10B16FF096
:108EA000050404E0002415B1284601F03DFB2046EE
:108EB00070BD000010B5FDF745FD10B16FF0050461
:108EC00009E00648006820B9012004490860002430
:108ED00001E04FF0FF34204610BD0000C00000202C
:108EE00070B5FDF72FFD10B16FF005041FE01148BC
:108EF0000068012819D100BF801F0021002804DB71
:108F00000A07130E0C4A135406E00A07150E0B4A03
:108F100000F00F031B1FD55400BF00BF02200549FE
:108F2000086001F07DFB002401E04FF0FF34204693
:108F300070BD0000C000002000E400E018ED00E07B
:108F40002DE9FF4780468946144600200390FDF72F
:108F5000F9FC00284ED1B8F1000F4BD0802618251F
:108F60008246471E44B3206808B1D4F800A0A06927
:108F700000B1A5692DB1382D03D8207900F001008A
:108F800018B1002004B0BDE8F087606908B16069DD
:108F90008608A06840B1E0685C2805D3206918B154
:108FA000606908B1012708E0A06830B9E06820B91D
:108FB000206910B9002700E00027012F0CD121699A
:108FC000A0684B463246CDE90051029051464046DA
:108FD00002F008F803900DE067B903A8B2B24B465F
:108FE0005146CDE90050404601F0CAFF012801D0AA
:108FF000002003900398C5E710B52DED088B0446BB
:10900000B0EE40BAB0EE609AF0EE41BAB0EE61AAAE
:109010001BEE100AFDF772FC10BB1BEE100AFDF7E9
:1090200063FCE8B919EE100AFDF768FCC0B919EE47
:10903000100AFDF759FC98B91BEE900AFDF75EFC8B
:1090400070B91BEE900AFDF74FFC48B91AEE100AF2
:10905000FDF754FC20B91AEE100AFDF745FC20B1CB
:1090600094ED090ABDEC088B10BD7BEE49AA20786F
:1090700080B994ED010AF0EE400AB0EE4A0AFDF71D
:1090800064FCD4ED080A7AEEE00AC0EE808AC4EDF2
:1090900008AA1FE02078012814D194ED010AF0EE0F
:1090A000400AB0EE4A0AFDF750FCD4ED080AB1EED2
:1090B000491A71EE600AC0EE808AB1EE490A84ED69
:1090C000080A07E02078022802D1F1EE6B8A01E05D
:1090D000DFED498A18EE900AFDF710FC20B918EE72
:1090E000900AFDF701FC18B19FED430AF0EE408AAB
:1090F00094ED020A20EE2A0AD4ED040AB0EE408A6A
:1091000008EEA08A94ED030ADFED3C0AB4EEE00A13
:10911000F1EE10FA3CDD94ED050AF0EE409A4AEECD
:109120008A9A19EE900AFDF7E9FB38BB19EE900A0E
:10913000FDF7DAFB10BB94ED070ADFED300AB4EE61
:10914000E00AF1EE10FA0ED3D4ED030AB0EE480AAD
:1091500009EEA00AB0EEC00AD4ED070AB4EEE00AA8
:10916000F1EE10FA0AD8B0EEE90AD4ED060AB4EE30
:10917000E00AF1EE10FA01D8C4ED059AD4ED050A23
:1091800094ED031AB0EE480A00EE810AB0EE408A70
:1091900018EE100AFDF7B2FB50BB18EE100AFDF7EF
:1091A000A3FB28BB94ED070ADFED140AB4EEE00A36
:1091B000F1EE10FA1ADD94ED070AB4EEC80AF1EEEA
:1091C00010FA04D294ED070AB0EE408A0EE094ED56
:1091D000070AB1EE400AB4EEC80AF1EE10FA05DD56
:1091E00094ED070AB1EE400AB0EE408A84ED098A98
:1091F00094ED090A36E7000000000000BD3786350F
:10920000017080ED010ADFED100AC0ED020ADFED0A
:109210000E0AC0ED030ADFED0C0AC0ED040ADFED13
:109220000A0AC0ED050ADFED080AC0ED060ADFED07
:10923000060AC0ED070ADFED040AC0ED080ADFEDFB
:10924000020AC0ED090A7047000000009FED020A03
:1092500080ED050A704700000000000070B52DED9C
:10926000068B0446B0EE408AF0EE608AB0EE419A7A
:10927000F0EE619AB0EE42AA002518EE100AFDF752
:109280003DFB38B918EE100AFDF72EFB10B984ED3E
:10929000028A00E0012518EE900AFDF72FFB38B98D
:1092A00018EE900AFDF720FB10B9C4ED038A00E028
:1092B000012519EE100AFDF721FB38B919EE100A45
:1092C000FDF712FB10B984ED049A00E0012519EEB8
:1092D000900AFDF713FB48B919EE900AFDF704FB5D
:1092E00020B9B0EEE90A84ED060A00E001251AEE85
:1092F000100AFDF703FB48B91AEE100AFDF7F4FA5D
:1093000020B9B0EECA0A84ED070A00E0012528461C
:10931000BDEC068B70BD000070B592B0064600250E
:10932000402102A8F7F733FC3246102102A8FEF7CD
:109330005FFA0546002410E002A951F8242004EB4E
:10934000C401134BC81813A1F7F7FAF8202104EB56
:10935000C40008300E4A1154641CAC42ECD36DB109
:109360000B4805EBC5030D4900900DA2086A0E4994
:10937000FFF778FD0DA0FFF775FD06E00749486A85
:10938000FFF770FD09A0FFF76DFD12B070BD000082
:10939000701000202530386C7800000058BA0008A2
:1093A0002E61786600000000101000200D0A0000F9
:1093B0002DE9F04105460E46164807681648006834
:1093C000001D00F029FF681C38B936B11248016849
:1093D000091D124800F076FF1AE07C190E4800685B
:1093E0004460BC4207D20C480168091D0C48006863
:1093F00000F04EFF0CE008480168091D09480068AC
:1094000000F046FF08480068844201D20648046024
:10941000BDE8F0818400002070000020401B002087
:109420007800002074000020A000002010B5044641
:1094300000F054FF24480068401C2349086023487A
:10944000006840B9214804600846006801280DD131
:1094500000F0FCF90AE01E48006838B91B480068B3
:10946000C06AE16A884201D8184804601948006857
:10947000401C184908600846006860641649E06AA4
:109480000968884202D91449E06A0860E16A01EB80
:109490008101124A02EB8100211D00F013FF00F050
:1094A00047FF0B48006868B108480068C06AE16A75
:1094B000884207D24FF0805009490860BFF34F8FB0
:1094C000BFF36F8F10BD00008000002070000020EF
:1094D0008C0000209C0000208800002090160020B6
:1094E00004ED00E008B500F0F9FE12480068E8B9A4
:1094F000114800F0BDFE114800F0BAFE0E481049B8
:1095000008600E480F49086000200F4B0F4A1021D9
:1095100000900A2001F02BFA06490860084600680E
:1095200020B10BA10348006800F0C2FF00F000FF6B
:1095300008BD0000B4000020541B0020681B002060
:10954000AC000020B00000207C1B0020CC1B0020C1
:10955000546D72510000000010B516E000F0BEFE20
:109560000C48C068C468201D00F056FE0A48006818
:10957000401E0949086009480068401E0749086004
:1095800000F0D6FE204600F05FF80448006800288E
:10959000E4D110BD2C1B0020800000207C000020A6
:1095A00070B504460D46206C70B1216CE068014432
:1095B000E160D4E90210884201D32168E1602846C5
:1095C000226CE168F7F742FA70BD2DE9F0410446DC
:1095D0000F4615464FF00008A66B206C48B920686E
:1095E00000282CD1A06801F013FE80460020A06066
:1095F00025E07DB93946226C6068F7F727FA216CBF
:10960000606808446060D4E90101884217D320688B
:10961000606014E03946226CE068F7F717FA216CB5
:10962000E068411AE1602168E068884203D2216C59
:10963000A068411AE160022D01D106B1761E701CAE
:10964000A0634046BDE8F08110B5044694F8590087
:1096500030B9206B00F08AFE204600F087FE1AE049
:1096600094F85900012803D1204600F07FFE12E053
:1096700094F85900022801D1012000E0002050B9DF
:1096800000BF502080F31188BFF34F8FBFF36F8F5F
:1096900000BF00BFFEE710BD0146084A126812680D
:1096A0000AB9012200E000220A600A6822B9034ACE
:1096B0001268D268106800E000207047AC000020FB
:1096C00030B54FF47053174800F007042CB1C01D9B
:1096D00020F00700134C041B1B1B0246124C226097
:1096E0000024114D6C60D018083820F007000F4C92
:1096F000206000240D4D2D686C600C4D2D682C6091
:109700001146441A4C60094C24680C60084D4C68A2
:109710002C60084D4C682C604FF00044064D2C60C6
:1097200030BD000024230020C4000020CC00002015
:10973000D4000020D0000020E000002000BFFFF790
:109740000BFF064800680128F9D94FF08050044902
:109750000860BFF34F8FBFF36F8FF0E790160020C4
:1097600004ED00E02DE9F04106460D461746984607
:10977000069C0DB9246000E02760E66325640121A2
:10978000204601F065F984F84C80BDE8F0812DE9B0
:10979000F05F82460E4690469B460A9F0C9C4FEA1D
:1097A0008801A522206BF7F7C8F9A8F10100216B09
:1097B00001EB800929F0070909F0070008B9012029
:1097C00000E0002050B900BF502080F31188BFF3A3
:1097D0004F8FBFF36F8F00BF00BFFEE786B100253C
:1097E00007E0715D04F134004155705D00B902E09D
:1097F0006D1C102DF5D300BF00214320015502E060
:10980000002084F83400382F00D33727E762E7645C
:1098100000202065201D00F038FD04F1180000F044
:1098200034FD2461C7F13800A061646200206065E6
:1098300084F858005A465146484600F071FB2060B3
:109840000B9808B10B980460BDE8F09F10B5002498
:1098500007E004EB84010F4A02EB810000F008FDF1
:10986000641C382CF5D30C4800F002FD0B4800F0C6
:10987000FFFC0B4800F0FCFC0A4800F0F9FC0A4829
:1098800000F0F6FC044809490860044808490860EB
:1098900010BD000090160020F01A0020041B0020CC
:1098A000181B00202C1B0020401B002074000020EF
:1098B0007800002010B50146164800E000680368F3
:1098C0008B42FBD30246436813448B4204D1436866
:1098D0004C682344436001460A464B6813440468BD
:1098E000A34211D10C4C03682468A34208D04B68F2
:1098F0000468646823444B6003681B680B6005E0E0
:10990000054B1B680B6001E003680B60884200D0C8
:10991000016010BDC4000020CC0000202DE9F04102
:1099200004460D4616461F464FF000086560246148
:10993000B5420CD8F01BA169884202D34FF0010850
:1099400011E0211D0948006800F0A2FC0BE0BE42B6
:1099500004D2BD4202D34FF0010804E0211D0448A7
:10996000006800F095FC4046BDE8F081B0000020A2
:10997000AC00002070B5054600F0B0FCA86B08B93B
:10998000012400E0002400F0D3FC204670BD70B537
:10999000054600F0A3FCA86BE96B884201D10124C5
:1099A00000E0002400F0C4FC204670BDF8B5054678
:1099B0000F461A480068C068C468201D00F02CFCDF
:1099C00094F8280000F00400E8B1A06941192B4682
:1099D0003A462046FFF7A2FFD8B1002003462A46A8
:1099E00001460090204601F06FFD064656B900BFC3
:1099F000502080F31188BFF34F8FBFF36F8F00BFEC
:109A000000BFFEE705E094F8280020F0010084F88C
:109A100028002046216A8847F8BD0000AC000020DD
:109A2000F0B587B0A0E00398002811DA04AE56B96B
:109A300000BF502080F31188BFF34F8FBFF36F8FAB
:109A400000BF00BFFEE7D6E90020B168904700BF25
:109A500003980028E6DB059C606908B9012000E056
:109A6000002010B9201D00F0D7FB02A800F0DEF89E
:109A7000054603980A2875D2DFE800F00905073982
:109A8000416306083A4200BF00BF00BF00BF94F820
:109A9000280040F0010084F828000498A269811889
:109AA00003462A462046FFF739FFF8B12046216ACF
:109AB000884794F8280000F00400B8B10020009016
:109AC0000498A169421800231946204601F0FCFCC5
:109AD000074657B900BF502080F31188BFF34F8F5E
:109AE000BFF36F8F00BF00BFFEE700BF3BE000BFCA
:109AF00094F8280020F0010084F8280033E000BF2B
:109B000094F8280040F0010084F828000498A0612F
:109B1000A06908B1012000E0002050B900BF50202A
:109B200080F31188BFF34F8FBFF36F8F00BF00BF6B
:109B3000FEE7A06941192B462A462046FFF7EEFEB4
:109B400011E094F8280000F0020018B9204600F057
:109B50000DFC05E094F8280020F0010084F82800AE
:109B600001E0FFE700BF00BF002203A9044800682E
:109B700001F00CF900287FF456AF07B0F0BD0000EB
:109B8000B4000020F8B505460C4600F0A5FD684677
:109B900000F04CF80646009820BB44B9B54206D800
:109BA00001F0D4FB31462846FFF700FF1CE03CB132
:109BB0000E480068006808B9012000E00020044653
:109BC000A91B22460A48006800F088FC01F0BEFB91
:109BD00050B94FF0805007490860BFF34F8FBFF373
:109BE0006F8F01E001F0B2FBF8BD0000B000002073
:109BF000B400002004ED00E00A490968096809B9C9
:109C0000012100E0002121B14FF0FF31064A11602F
:109C100006E004490968C968C868034A41681160D8
:109C20007047000074000020A000002070B50446BA
:109C300001F046FA054607480068854204D200F064
:109C40000BF80120206001E0002020600148056041
:109C5000284670BDBC0000202DE9F84334E02548BB
:109C60000068C068056823480068C068C468201D93
:109C700000F0D2FA2046216A884794F8280000F0C4
:109C8000040008B3A0694619AE4207D96660246192
:109C9000211D1848006800F0FBFA15E0002003467B
:109CA0002A4601460090204601F00EFC074657B9AF
:109CB00000BF502080F31188BFF34F8FBFF36F8F29
:109CC00000BF00BFFEE700BF0A480068006808B98F
:109CD000012000E000200028C1D00648D0F8008014
:109CE00005480068034908600348C0F80080BDE8E3
:109CF000F8830000AC000020B00000200E4800688F
:109D0000401C08B9012000E0002050B900BF5020DD
:109D100080F31188BFF34F8FBFF36F8F00BF00BF79
:109D2000FEE700BF502080F31188BFF34F8FBFF3D1
:109D30006F8F00BF00BFFEE7E400002008B500BF42
:109D40006846FFF7A9FC044620460099FFF71AFF72
:109D5000FFF766FEF4E770B5044600F0BFFA94F929
:109D6000455010E0606A08B9012000E0002038B9D1
:109D700004F1240001F09EFA18B100F00FFC00E09D
:109D800003E0681E45B2002DECDC00BFFF2084F824
:109D9000450000F0CDFA00F0A1FA94F9445010E02B
:109DA000206908B9012000E0002048B904F1100042
:109DB00001F080FA08B100F0F1FB681E45B200E046
:109DC00001E0002DECDC00BFFF2084F8440000F02F
:109DD000AFFA70BD2DE9F04104464FF0000800F0E5
:109DE0007BFC4948006808B9FFF76AFC47480068EF
:109DF0002040002870D1D4B1083404F00700B0B17D
:109E000004F00700C0F10800044404F0070008B99A
:109E1000012000E0002050B900BF502080F31188DD
:109E2000BFF34F8FBFF36F8F00BF00BFFEE7002C63
:109E300052D03748006884424ED8364E30460568C6
:109E400001E02E462D686868A04202D228680028EA
:109E5000F7D12D48006885423ED0306800F10808EF
:109E6000286830606868001B102819D92F1907F07E
:109E7000070008B9012000E0002050B900BF5020C1
:109E800080F31188BFF34F8FBFF36F8F00BF00BF08
:109E9000FEE76868001B78606C603846FFF70AFDD3
:109EA0001B4968680968081A19490860084600686B
:109EB00019490968884203D21548006816490860A4
:109EC00012496868096808436860002028601348E0
:109ED0000068401C1149086001F038FA08F00700DA
:109EE00008B9012000E0002050B900BF502080F3E5
:109EF0001188BFF34F8FBFF36F8F00BF00BFFEE726
:109F00004046BDE8F0810000CC000020E0000020C9
:109F1000D0000020C4000020D4000020D800002081
:109F2000001F4FF080730360001F21F001030360E6
:109F3000001F054B036014380260001F6FF002031E
:109F40000360203870470000FD9C00087CB5044683
:109F50002068FCF773FE054665B107A056210F4B3C
:109F60000FA2CDE9001013A10120FDF793FF4FF0E0
:109F7000FF307CBD0020FCE7526F626F7420636885
:109F800065636B20666F756E6420697373756573A6
:109F900020696E2061726D0A0000000075BB000828
:109FA0002E2E5C6170705C6170705F726F626F7496
:109FB0002E630000526F626F740000007CB504468F
:109FC000607B06287FD0607B30B906206073072055
:109FD000216881F8710076E0607B012860D1A07B68
:109FE00001280CD1032060733AA07621404B41A296
:109FF000CDE9001044A10220FDF74CFF63E00025ED
:10A00000606890F8510020B90220616881F8500022
:10A0100027E0606890F8510001280CD1A06890F802
:10A020004C0040B90720616881F850000120A16808
:10A0300081F8380015E0206890F8700088B96068F1
:10A0400090F8510001280CD1A06890F84C0001282C
:10A0500007D10320A16881F838000220216881F827
:10A060007100206890F87000012818D1606890F89D
:10A070005100012813D1A06890F84C0001280ED19E
:10A08000A0730320607322A09521194B19A2CDE97A
:10A0900000101DA10320FDF7FDFE00207CBD12E095
:10A0A000607B03280ED10520216881F87100032010
:10A0B000A16881F838000720616881F8500003200A
:10A0C000207300E000BF2068FCF7C6FD607B2073B2
:10A0D0000020E3E7726F626F742068617320636130
:10A0E0006C6962726561746564206F6E63652100DE
:10A0F00081BB00082E2E5C6170705C6170705F72B5
:10A100006F626F742E630000526F626F7400000004
:10A11000726F626F742063616C69627261746564EE
:10A12000207375636365737366756C6C79000000EA
:10A1300000487047F81100207CB50446FFF7F8FF8F
:10A14000206000252068FCF797FE054609E00CA07A
:10A150002221114B11A2CDE9001015A10120FDF71C
:10A1600099FE002DF3D114A024210B4B0BA2CDE9B5
:10A1700000100FA10320FDF78DFE002060737CBD51
:10A180006572726F72207768696C6520696E697498
:10A190002061726D000000006ABB00082E2E5C6119
:10A1A00070705C6170705F726F626F742E6300001C
:10A1B000526F626F7400000061726D20696E697485
:10A1C000207375636365736666756C790A000000B9
:10A1D000074C2046FFF7B0FF00BF2046FFF7B6FE52
:10A1E0002046FFF7EBFE0120FEF754FEF5E70000E6
:10A1F000401600200246012020EA1210054B18707C
:10A2000018460078012802D101F14800704708463D
:10A21000FCE700006300002001460A69D1E9013033
:10A220009860D1E9010358605068884201D188687C
:10A230005060002008611068401E10601068704770
:10A24000034B0360034B0B608023136070470000D7
:10A250006C1C0020C81C0020034B0360034B0B60E8
:10A260004FF4807313607047C81E0020241F002025
:10A2700000F1080141604FF0FF31816000F10801F9
:10A28000C1600161002101607047002101617047D8
:10A2900010B502460B685C1C0CB9106907E002F1AE
:10A2A000080000E04068446824689C42FAD9446889
:10A2B0004C604C68A160886041600A611468641C4D
:10A2C000146010BD42684A6093688B60936859605F
:10A2D0009160086103685B1C0360704700BF5020F9
:10A2E00080F31188BFF34F8FBFF36F8F00BF0E480D
:10A2F0000068401C0C49086008460068012812D11B
:10A300000A480068C0B208B9012000E0002050B936
:10A3100000BF502080F31188BFF34F8FBFF36F8FC2
:10A3200000BF00BFFEE77047E400002004ED00E03E
:10A330000D48006850B900BF502080F31188BFF36A
:10A340004F8FBFF36F8F00BF00BFFEE70648006866
:10A35000401E054908600846006820B9002080F3C7
:10A36000118800BF00BF7047E400002070B50646AA
:10A370003546002E44D0083D2C46224960680968C5
:10A38000084008B1012000E0002050B900BF502073
:10A3900080F31188BFF34F8FBFF36F8F00BF00BFF3
:10A3A000FEE7206808B9012000E0002050B900BF96
:10A3B000502080F31188BFF34F8FBFF36F8F00BF22
:10A3C00000BFFEE70F49606809680840C0B1206817
:10A3D000B0B90C49606809688843606000F07CF996
:10A3E0000949606809680844074908602046FFF782
:10A3F00061FA06480068401C0449086000F0A6FFA6
:10A4000070BD0000E0000020D0000020DC00002033
:10A4100000204FF0E02108618861064800684FF491
:10A420007A71B0FBF1F0401E4FF0E0214861072047
:10A43000086170472800002070B5F5F7C5FF044695
:10A44000102C16D304F1E02090F8F0531548007852
:10A45000854201DB012000E0002050B900BF502000
:10A4600080F31188BFF34F8FBFF36F8F00BF00BF22
:10A47000FEE70D48006800F4E0600C490968884276
:10A4800001D8012000E0002050B900BF502080F327
:10A490001188BFF34F8FBFF36F8F00BF00BFFEE780
:10A4A00070BD0000E80000200CED00E0EC00002092
:10A4B000024600200BE0084B53F8303033B9064B0E
:10A4C00043F8301003EBC0035A6002E0401C082838
:10A4D000F1D300BF70470000501600202DE9F04175
:10A4E00005460E4617462C46FFF7F8FE94F9440041
:10A4F000401C10B9002084F8440094F94500401C29
:10A5000010B9002084F84500FFF712FFA06B28B9AE
:10A510003A46314604F1240000F062F82046FFF785
:10A520001AFCBDE8F081000070B504460025D4B1E6
:10A530001248006808B9012000E0002050B900BFAF
:10A54000502080F31188BFF34F8FBFF36F8F00BF90
:10A5500000BFFEE700F0C0F800212046FEF728FF0C
:10A5600000F0F4FE05463DB94FF080500449086004
:10A57000BFF34F8FBFF36F8F70BD0000A8000020A6
:10A5800004ED00E00349096801600349096841607E
:10A59000704700009800002084000020012001493D
:10A5A000086070479400002070B504460D4654B909
:10A5B00000BF502080F31188BFF34F8FBFF36F8F20
:10A5C00000BF00BFFEE70548016818312046FFF7CD
:10A5D0005FFE01212846FEF7EBFE70BD70000020F3
:10A5E00070B505460E46144655B900BF502080F39D
:10A5F0001188BFF34F8FBFF36F8F00BF00BFFEE71F
:10A600000648016818312846FFF75CFE0CB14FF090
:10A61000FF3621463046FEF7CBFE70BD70000020AD
:10A6200010B586B000200590049003AA04A905A8DF
:10A63000FFF706FE0022DDE904101346CDE90021F4
:10A6400002901EA11F48039A00F0CCFC1E4908602E
:10A650000846006808B1012400E00024012C02D162
:10A6600000F0F6FE0446012C15D100BF502080F307
:10A670001188BFF34F8FBFF36F8F00BF4FF0FF30D4
:10A680001249086001201249086000201149086041
:10A6900000F072F810E0601C08B1012000E000201A
:10A6A00050B900BF502080F31188BFF34F8FBFF324
:10A6B0006F8F00BF00BFFEE706B010BD49444C4598
:10A6C000000000003D970008A4000020A00000202A
:10A6D0008C0000208400002002480068401C0149D2
:10A6E00008607047A80000201E48006818B10120CB
:10A6F0001D49086034E000201B4908601B480168C0
:10A700000CE051B900BF502080F31188BFF34F8F88
:10A71000BFF36F8F00BF00BFFEE7491E01EB810052
:10A72000134A52F8200008B9012000E00020002858
:10A73000E7D101EB81020E4B03EB820042685268C5
:10A74000426000F108024368934202D142685268B5
:10A7500042604268D268074B1A600448016000BF3B
:10A7600070470000A800002094000020880000200E
:10A7700090160020700000201CB552480068524915
:10A78000884201D0012000E0002050B900BF5020D5
:10A7900080F31188BFF34F8FBFF36F8F00BF00BFEF
:10A7A000FEE7484800684849491E884201D0012018
:10A7B00000E0002050B900BF502080F31188BFF3A3
:10A7C0004F8FBFF36F8F00BF00BFFEE73F490846C2
:10A7D00000780190FF200A4610700846007800902B
:10A7E0009DF8000000F0F0009DF80020904201D19B
:10A7F000012000E0002050B900BF502080F31188F4
:10A80000BFF34F8FBFF36F8F00BF00BFFEE79DF810
:10A81000000000F050002E4A107007202D4A1060F2
:10A8200009E02C480068401E2A4A10609DF800008C
:10A830004006000E00909DF8000000F08000802887
:10A84000EFD024480068C0F10700042801D101209E
:10A8500000E0002050B900BF502080F31188BFF302
:10A860004F8FBFF36F8F00BF00BFFEE7194800682E
:10A870000002184A10601046008800F4E060106082
:10A88000124A019810700F482030006840F47000A0
:10A890000C49203108600846006840F070400860AC
:10A8A000FFF7B6FD00200C490860F5F755FD0B4891
:10A8B000006840F0404009490860F5F739FD002084
:10A8C0001CBD000000ED00E071C20F4100E400E09B
:10A8D000E8000020EC000020E400002034EF00E05D
:10A8E00010B500BF502080F31188BFF34F8FBFF326
:10A8F0006F8F00BF00F0EAFB18B14FF080500449A1
:10A90000086000BF002080F3118800BF10BD000068
:10A9100004ED00E02DE9F84305460E4617460DB15B
:10A92000012000E0002050B900BF502080F31188C2
:10A93000BFF34F8FBFF36F8F00BF00BFFEE705FB74
:10A9400006F808F15000FFF745FA044664B1A14645
:10A9500009F15009002084F846003B464A4631463A
:10A9600028460094FEF7FEFE2046BDE8F8832DE958
:10A97000F84380460E4617461D46DDF82090B8F194
:10A98000000F01D0012000E0002050B900BF50208E
:10A9900080F31188BFF34F8FBFF36F8F00BF00BFED
:10A9A000FEE70DB1012000E0002050B900BF5020AB
:10A9B00080F31188BFF34F8FBFF36F8F00BF00BFCD
:10A9C000FEE707B10EB1012000E0002050B900BF42
:10A9D000502080F31188BFF34F8FBFF36F8F00BFFC
:10A9E00000BFFEE707B90EB9012000E0002050B912
:10A9F00000BF502080F31188BFF34F8FBFF36F8FDC
:10AA000000BF00BFFEE7502000900098502801D101
:10AA1000012000E0002050B900BF502080F31188D1
:10AA2000BFF34F8FBFF36F8F00BF00BFFEE700BFC4
:10AA30002C464CB1012084F846004B463A4631463C
:10AA400040460094FEF78EFE2046BDE8F8830000E5
:10AA500070B505460E462C4654B900BF502080F311
:10AA60001188BFF34F8FBFF36F8F00BF00BFFEE7AA
:10AA7000FFF734FCD4E90F12206801FB0200A0604C
:10AA80000020A06320686060E06B401E226C21689B
:10AA900000FB0211E160FF2084F8440084F84500C7
:10AAA0009EB9206908B9012000E00020A8B904F18E
:10AAB000100000F0FFFB80B14FF0805009490860A2
:10AAC000BFF34F8FBFF36F8F07E004F11000FFF764
:10AAD000CFFB04F12400FFF7CBFBFFF729FC01209B
:10AAE00070BD000004ED00E02DE9FF4383B0064691
:10AAF00088461D464FF00009344654B900BF502027
:10AB000080F31188BFF34F8FBFF36F8F00BF00BF7B
:10AB1000FEE7B8F1000F01D1206C08B9012000E078
:10AB2000002050B900BF502080F31188BFF34F8F31
:10AB3000BFF36F8F00BF00BFFEE7022D02D1E06BB5
:10AB4000012801D1012000E0002050B900BF5020B1
:10AB500080F31188BFF34F8FBFF36F8F00BF00BF2B
:10AB6000FEE700F09DFA08B9059808B9012000E059
:10AB7000002050B900BF502080F31188BFF34F8FE1
:10AB8000BFF36F8F00BF00BFFEE700BFFFF7A6FB5C
:10AB9000A06BE16B884201D3022D28D12A464146A1
:10ABA0002046FEF712FD0746606A08B9012000E062
:10ABB000002068B904F1240000F07CFB88B14FF05C
:10ABC000805032490860BFF34F8FBFF36F8F08E0AA
:10ABD0003FB14FF080502D490860BFF34F8FBFF356
:10ABE0006F8FFFF7A5FB012007B0BDE8F083059844
:10ABF00018B9FFF79DFB0020F6E7B9F1000F04D16B
:10AC000001A8FFF7BFFC4FF00109FFF791FBFFF729
:10AC100063FDFFF763FB94F94400401C10B900206A
:10AC200084F8440094F94500401C10B9002084F8D1
:10AC30004500FFF77DFB05A901A800F05BF9F0B91D
:10AC40002046FEF7A4FEA0B104F110000599FFF71D
:10AC5000ABFC2046FFF77FF800F078FB002895D189
:10AC60004FF0805009490860BFF34F8FBFF36F8FDB
:10AC70008CE72046FFF76FF800F068FB86E7204678
:10AC8000FFF769F800F062FB0020ADE704ED00E09B
:10AC90002DE9F84F07468A4690461E463C4654B971
:10ACA00000BF502080F31188BFF34F8FBFF36F8F29
:10ACB00000BF00BFFEE7BAF1000F01D1206C08B958
:10ACC000012000E0002050B900BF502080F311881F
:10ACD000BFF34F8FBFF36F8F00BF00BFFEE7022EA1
:10ACE00002D1E06B012801D1012000E0002050B921
:10ACF00000BF502080F31188BFF34F8FBFF36F8FD9
:10AD000000BF00BFFEE7FFF797FB00BF5021EFF346
:10AD1000118081F31188BFF34F8FBFF36F8F00BF96
:10AD20000546A06BE16B884201D3022E25D194F930
:10AD300045B0A06B0090324651462046FEF745FCD8
:10AD40000BF1010088B9606A08B9012000E0002019
:10AD500050B904F1240000F0ADFA28B1B8F1000FA9
:10AD600002D00120C8F8000004E00BF1010040B25D
:10AD700084F845004FF0010901E04FF0000900BFE1
:10AD800085F3118800BF4846BDE8F88F2DE9F741EB
:10AD900083B005460E464FF000082C4654B900BF5C
:10ADA000502080F31188BFF34F8FBFF36F8F00BF28
:10ADB00000BFFEE70EB9206C08B9012000E00020BA
:10ADC00050B900BF502080F31188BFF34F8FBFF3FD
:10ADD0006F8F00BF00BFFEE700F062F908B9059869
:10ADE00008B9012000E0002050B900BF502080F3D6
:10ADF0001188BFF34F8FBFF36F8F00BF00BFFEE717
:10AE000000BFFFF76BFAA76BF7B131462046FEF79C
:10AE1000C7FB781EA063206908B9012000E000206C
:10AE200060B904F1100000F045FA38B14FF08050DD
:10AE30002F490860BFF34F8FBFF36F8FFFF778FA8A
:10AE4000012006B0BDE8F081059818B9FFF770FA47
:10AE50000020F6E7B8F1000F04D101A8FFF792FB3C
:10AE60004FF00108FFF764FAFFF736FCFFF736FAF8
:10AE700094F94400401C10B9002084F8440094F96F
:10AE80004500401C10B9002084F84500FFF750FA37
:10AE900005A901A800F02EF8F0B92046FEF76AFDDA
:10AEA000A0B104F124000599FFF77EFB2046FEF7D0
:10AEB00052FF00F04BFA0028A3D14FF080500C490C
:10AEC0000860BFF34F8FBFF36F8F9AE72046FEF7FE
:10AED00042FF00F03BFA94E72046FEF73CFF00F00B
:10AEE00035FA2046FEF746FD00288AD00020A8E764
:10AEF00004ED00E070B505460C4655B900BF502082
:10AF000080F31188BFF34F8FBFF36F8F00BF00BF77
:10AF1000FEE754B900BF502080F31188BFF34F8F74
:10AF2000BFF36F8F00BF00BFFEE7FFF7D7F91248EE
:10AF300002686868131A2068401C08B9002617E0E8
:10AF40000E4928680968884204D06868904201D890
:10AF500001260DE02068984207D92068C01A2060B9
:10AF60002846FFF70FFB002602E0002020600126A4
:10AF7000FFF7DEF9304670BD840000209800002005
:10AF80002DE9FF4F85B0804689461746DDE912ABB3
:10AF9000B800FEF71FFF064656B15C20FEF71AFF09
:10AFA00004460CB1266304E03046FFF7DFF900E009
:10AFB00000248CB1002084F85900CDE900ABCDE924
:10AFC00002403A4649464046089BFEF7E0FB2046D1
:10AFD000FEF72CFA012501E04FF0FF35284609B0B5
:10AFE000BDE8F08F2DE9F04F85B0074688469146C1
:10AFF0009A46DDE90EB6109C0EB1012000E000205B
:10B0000050B900BF502080F31188BFF34F8FBFF3BA
:10B010006F8F00BF00BFFEE70CB1012000E00020F1
:10B0200050B900BF502080F31188BFF34F8FBFF39A
:10B030006F8F00BF00BFFEE75C20039003985C2881
:10B0400001D1012000E0002050B900BF502080F362
:10B050001188BFF34F8FBFF36F8F00BF00BFFEE7B4
:10B0600000BFB4B1AEB125462C462E63022085F850
:10B070005900002004A953464A46CDE900B1CDE964
:10B08000025041463846FEF782FB2846FEF7CEF9CD
:10B0900001E000200490049805B0BDE8F08F0000A6
:10B0A0000549096809B9012005E00449096809B999
:10B0B000022000E0002070478C000020A800002043
:10B0C0000149086870470000840000202DE9F04124
:10B0D0004FF000084348006800287BD142480068D0
:10B0E000451C4148056015BB40480068006808B928
:10B0F000012000E0002050B900BF502080F31188EB
:10B10000BFF34F8FBFF36F8F00BF00BFFEE737481D
:10B110000768374800683549086035480760354892
:10B120000068401C33490860FEF766FD00BF3248E6
:10B13000006885423BD300BF2C480068006808B90E
:10B14000012000E0002020B14FF0FF302A490860C4
:10B150002CE026480068C068C4686668B54202D220
:10B160002548066022E0201DFFF756F8A06A18B1B6
:10B1700004F11800FFF750F82049E06A0968884296
:10B1800002D91E49E06A0860E16A01EB81011C4AAC
:10B1900002EB8100211DFFF795F81A49E06A096862
:10B1A000C96A8842C8D34FF00108C5E700BF1548F7
:10B1B0000068C06A00EB8000114951F820000128A6
:10B1C00001D94FF001081048006808B14FF001089C
:10B1D00005E0FFE70D480068401C0C490860404648
:10B1E000BDE8F081A8000020840000207400002049
:10B1F0007800002098000020A00000208800002097
:10B200009016002070000020940000209000002084
:10B2100070B505462C460026002D43D02248006814
:10B22000844201D1012000E0002050B900BF50202D
:10B2300080F31188BFF34F8FBFF36F8F00BF00BF44
:10B24000FEE7206D50B900BF502080F31188BFF396
:10B250004F8FBFF36F8F00BF00BFFEE7206D401E12
:10B260002065E16CE06A88421CD0206DD0B9201DB9
:10B27000FEF7D2FFE06CE062E06AC0F13800A06146
:10B280000A49E06A0968884202D90849E06A086008
:10B29000E16A01EB8101064A02EB8100211DFFF703
:10B2A00011F80126304670BD700000208800002093
:10B2B0009016002070B50646F068C46854B900BF07
:10B2C000502080F31188BFF34F8FBFF36F8F00BF03
:10B2D00000BFFEE704F11800FEF79EFF1548006866
:10B2E000A0B9201DFEF798FF1349E06A096888425B
:10B2F00002D91149E06A0860E16A01EB81010F4A55
:10B3000002EB8100211DFEF7DDFF04E004F11801CE
:10B310000B48FEF7D7FF0B49E06A0968C96A884203
:10B3200004D9012501200849086000E000252846CD
:10B3300070BD0000A80000208800002090160020AA
:10B34000181B0020700000209400002070B500241D
:10B3500000263648006850B900BF502080F311889D
:10B36000BFF34F8FBFF36F8F00BF00BFFEE7FEF745
:10B37000B5FF2E480068401E2C490860084600684A
:10B3800000284ED12A48006800284AD023E02948E6
:10B39000C068C46804F11800FEF73EFF201DFEF7E8
:10B3A0003BFF2549E06A0968884202D92249E06AE0
:10B3B0000860E16A01EB8101204A02EB8100211D56
:10B3C000FEF780FF1E49E06A0968C96A884202D315
:10B3D00001201C4908601748006808B9012000E0F6
:10B3E00000200028D3D00CB1FEF706FC16480568F3
:10B3F00065B100BFFFF76AFE10B101201149086076
:10B400006D1E002DF6D100200F4908600D48006820
:10B4100038B1012630070D490860BFF34F8FBFF3E5
:10B420006F8FFEF785FF304670BD0000A80000203A
:10B4300080000020181B00208800002090160020AB
:10B4400070000020940000209000002004ED00E037
:10B4500010B586B00024FEF745F816480068D0B154
:10B4600000200590049003AA04A905A8FEF7F4FEA5
:10B470000222DDE904100023CDE9002102900EA193
:10B480000F48039AFFF7AEFD0E49086008460068B2
:10B4900000B1012400BF54B900BF502080F31188CF
:10B4A000BFF34F8FBFF36F8F00BF00BFFEE7204693
:10B4B00006B010BDB4000020546D722053766300B6
:10B4C0003D9D0008B80000202DE9FF4704460D46C9
:10B4D00016461F46DDF830804FF0000954B900BF12
:10B4E000502080F31188BFF34F8FBFF36F8F00BFE1
:10B4F00000BFFEE71448006810B30095019602945F
:10B50000062D15DAFFF7CCFD022808D100234246AC
:10B5100069460D480068FFF7E7FA814610E000230E
:10B520001A46694608480068FFF7DEFA814607E0D8
:10B5300000233A46694604480068FFF7A9FB8146A4
:10B54000484604B0BDE8F087B400002010B50029DB
:10B550000AD00878002807D005487844F6F7BAF9E9
:10B56000002801D0002010BD0248784410BD000022
:10B57000921000008A10000010B500290AD0087847
:10B58000002807D005487844F6F7A4F9002801D030
:10B59000002010BD0248784410BD00008210000059
:10B5A0007A100000491058BFC1F140415B1058BFEC
:10B5B000C3F140438B42EFF30080704751EA030C24
:10B5C00017D41CF5801F58BFBCF5801F00F1068002
:10B5D000994218BF704708BF9042704707D711F5CE
:10B5E000801F58BF13F5801F19D4994270478942B4
:10B5F00070471CF5801F08D5BCF5801FF7D58B421E
:10B6000018BF704708BF824270474FF4001C1CEB04
:10B61000410F38BF1CEB430F01D28B42704770B50E
:10B6200000F008F8922449004FF000514FF0805389
:10B63000FFF7B8BF0EF1020E2EF0030E5EF8046B9A
:10B64000364205D4012A43EB030515F5001F12D835
:10B65000012841EB010C1CF5001F0CD80ED14FEA5C
:10B66000D17C15F5001F0CEB4C0C0CF1020C08BF43
:10B670004CEBD37C04E04FF0080C01E04FEAD37CA4
:10B680000CEB4C0526FA05F606F00706B6F1040C9D
:10B6900006D20EEB860CBDE870404CF0010C604702
:10B6A000DFE80CF0090B02024FF000414FF0000000
:10B6B000A1F5002170BD19461046012851EB010487
:10B6C00018BFD4F5001484BF002001F0004170BD04
:10B6D0000808A0F500114FEA3101704743004FEA16
:10B6E000D30C4FEA3C0C43401FBF40070CF16051A4
:10B6F00013F0FE4F70471CF0006F03D100200CF0D8
:10B70000004170470CF0004343EA507010B540EA26
:10B71000CC0000F074F800BF000000924FEA000176
:10B72000FFF7D6BF4FF000414FF00000A1F5002118
:10B730007047000000EE100A00EE901AB4EE600AA6
:10B74000F1EE10FA78BF704700F00DB810B5FFF7B2
:10B75000F1FFEFF3008020F0104038BF40F00040D0
:10B7600080F3008810BDBDE8104010B500F047F828
:10B770000000000900F007B84FF0404010F1004F02
:10B78000EFF300807047401058BFC0F140404910AF
:10B7900058BFC1F140418142EFF3008070474FF044
:10B7A0007E5209E011F0004204D54042C1F100018F
:10B7B00038BF491E42F07E520B0002F1706212BF88
:10B7C00020235FEA00017047B1FA81FCA3EB0C0370
:10B7D00001FA0CF120FA03FC02EBC352C3F120037F
:10B7E00041EA0C0110FA03FC5CEA416C42EB1120C7
:10B7F00018BF5FF0806C28BF20F0010070470EF189
:10B80000020E2EF0030E5EF8044B244204D44FEADD
:10B810004102B2F17F4F11D84FEA4003B3F17F4F9D
:10B820000CD80ED14FEAD07CB2F17F4F0CEB4C0C10
:10B830000CF1020C08BF4CEBD17C04E04FF0080C7B
:10B8400001E04FEAD17C0CEB4C0324FA03F404F042
:10B850000704B4F1040C06D20EEB840CBDE81040D2
:10B860004CF0010C6047DFE80CF0070802024FF0D3
:10B870000040A0F5800010BD0846420018BFD2F17C
:10B88000807288BF00F0004010BD4FF04070E1EEC4
:10B89000100A7047F5F741BCF5F776BD43414E5F9E
:10B8A000536574416C6C526563656976696E674671
:10B8B000696C746572730043414E5F5472616E73BC
:10B8C0006D69740043414E5F73656E645F6D6F74A4
:10B8D0006F725F63757272656E74730014BD0008D9
:10B8E0000000000000000000000000000000000058
:10B8F000000200001800000000000000000000002E
:10B900002CBD000800000000000000000000000046
:10B9100000000000001000002800000000000000EF
:10B920000000000020BD0008000000000000000032
:10B9300000000000000000000010000029000000CE
:10B9400000000000000000005374617274446566DA
:10B9500061756C745461736B00000610160006105C
:10B9600016000000000000000001020304060708A2
:10B97000090000000001020304656C6F675F7374C7
:10B9800061727400656C6F675F7365745F6F757467
:10B990007075745F656E61626C656400656C6F677D
:10B9A0005F7365745F666D7400656C6F675F736568
:10B9B000745F66696C74657200656C6F675F736550
:10B9C000745F66696C7465725F6C766C00656C6F31
:10B9D000675F7365745F66696C7465725F746167D5
:10B9E0005F6C766C00656C6F675F6765745F666936
:10B9F0006C7465725F7461675F6C766C00656C6F08
:10BA0000675F6F7574707574006765745F666D74D9
:10BA10005F656E61626C656400656C6F675F666927
:10BA20006E645F6C766C00656C6F675F66696E64F0
:10BA30005F74616700656C6F675F737472637079C0
:10BA400000656C6F675F6370796C6E00656C6F6723
:10BA50005F6D656D6370790028C0000808C4000838
:10BA60005CC40008E4C4000824BE00084CBE000802
:10BA70001CC5000844C5000870C40008E8C30008DD
:10BA800048C40008B0C4000874BE0008FCBF000829
:10BA90006CC10008FCC00008B0C3000854C3000813
:10BAA000F0C1000838C100088CC00008C4C00008FC
:10BAB00088C300082CC30008B0C100083CC20008BD
:10BAC00068BD0008CCC2000884C20008A8BF0008F6
:10BAD000B4BD0008B4BE000874BF0008E8BE00088A
:10BAE00014BF000844BF000894C500086CC50008D6
:10BAF000636D5F6261636B74726163655F617373D1
:10BB000065727400636D5F6261636B74726163651B
:10BB10005F6661756C74000050BD000854BD00087C
:10BB200058BD00085CBD000820BE000864BD0008C8
:10BB300060BD0008E4BE00086170705F696E6974E2
:10BB40000043414E5F5263765F4461746146726F99
:10BB50006D4953520063616E446973706174636828
:10BB60000061726D5F696E697400726F626F745FFD
:10BB7000696E697400726F626F745F636865636B8E
:10BB800000726F626F745F636F6E74726F6C0030FF
:10BB900031323334353637383941424344454640F3
:10BBA00030580030313233343536373839616263DA
:10BBB0006465664030780004000008000000000062
:10BBC0000000020001000010000000000000000062
:10BBD0003031323334353637383961626364656603
:10BBE000787000303132333435363738394142439A
:10BBF000444546585000000002400000000000A0EC
:10BC00000000000005400000000000C80000000027
:10BC10000C4000000000409C0000000019400000A3
:10BC20000020BCBE0000000034400000BFC91B8ED5
:10BC300000000004B5400000504BCFD06607E2CFB3
:10BC4000010000006C4100003E8251AADFEEA734E3
:10BC500001000000D9420000DCB5A0E23A301F9795
:10BC6000FFFFFFFFB4450000FD25A0C8E9A3C14FB9
:10BC7000FFFFFFFFFF3F000000000080000000000A
:10BC8000FF3F0000000000800000000043414E31F3
:10BC90002066696C7465722073657420746F2072FD
:10BCA00065636569766520616C6C206672616D659F
:10BCB00073202842616E6B20302C2061737369679A
:10BCC0006E656420746F2043414E31292E000000C0
:10BCD00043414E322066696C74657220736574202E
:10BCE000746F207265636569766520616C6C20668F
:10BCF00072616D6573202842616E6B2025642C2073
:10BD000061737369676E656420746F2043414E32BE
:10BD1000292E000064656661756C745461736B0054
:10BD2000726F626F745461736B00000063616E52D6
:10BD3000785461736B000000412F0000442F000015
:10BD4000452F0000492F0000562F0000572F0000FC
:10BD50005230200052312000523220005233200055
:10BD6000504320004C522000557361676520666186
:10BD7000756C7420697320636175736564206279E2
:10BD800020617474656D70747320746F20737769AB
:10BD900074636820746F20616E20696E76616C69CF
:10BDA000642073746174652028652E672E2C2041F1
:10BDB000524D29005573616765206661756C74206A
:10BDC00069732063617573656420627920496E64CC
:10BDD00069636174657320612064697669646520B4
:10BDE0006279207A65726F206861732074616B6577
:10BDF0006E20706C616365202863616E206265202F
:10BE0000736574206F6E6C79206966204449565FB3
:10BE1000305F54525020697320736574290000000C
:10BE2000523132003D3D3D3D3D20546872656164B4
:10BE300020737461636B20696E666F726D617469E3
:10BE40006F6E203D3D3D3D3D000000003D3D3D3DD0
:10BE50003D3D204D61696E20737461636B20696E96
:10BE6000666F726D6174696F6E203D3D3D3D3D3D75
:10BE7000000000003D3D3D3D3D3D3D3D3D3D3D3DE6
:10BE80003D3D3D3D3D3D3D205265676973746572A2
:10BE90007320696E666F726D6174696F6E203D3DCF
:10BEA0003D3D3D3D3D3D3D3D3D3D3D3D3D3D3D3DC2
:10BEB0003D3D00004465627567206661756C7420C5
:10BEC0006973206361757365642062792068616CB1
:10BED000742072657175657374656420696E204E97
:10BEE00056494300505352004465627567206661AD
:10BEF000756C742069732063617573656420627961
:10BF000020445754206D61746368206F63637572B9
:10BF1000726564004465627567206661756C7420A3
:10BF20006973206361757365642062792056656367
:10BF3000746F72206665746368206F6363757272D4
:10BF4000656400004465627567206661756C7420E5
:10BF5000697320636175736564206279204544428A
:10BF6000475251207369676E616C2061737365720B
:10BF7000746564004465627567206661756C742041
:10BF800069732063617573656420627920424B5048
:10BF90005420696E737472756374696F6E2065786E
:10BFA000656375746564000055736167652066613B
:10BFB000756C7420697320636175736564206279A0
:10BFC00020696E64696361746573207468617420AC
:10BFD000616E20756E616C69676E65642061636374
:10BFE000657373206661756C742068617320746179
:10BFF0006B656E20706C616365000000486172645F
:10C00000206661756C742069732063617573656463
:10C01000206279206661696C656420766563746F5F
:10C0200072206665746368004552524F523A20553B
:10C030006E61626C6520746F20676574207468653A
:10C04000206D61696E20737461636B20696E666F29
:10C05000726D6174696F6E2C20706C656173652000
:10C06000636865636B2074686520636F6E666967DB
:10C0700075726174696F6E206F6620746865206DDB
:10C0800061696E20737461636B00000042757320F8
:10C090006661756C742069732063617573656420D3
:10C0A00062792070726563697365206461746120D0
:10C0B0006163636573732076696F6C6174696F6E19
:10C0C00000000000427573206661756C742069730E
:10C0D0002063617573656420627920696D70726593
:10C0E0006369736520646174612061636365737360
:10C0F0002076696F6C6174696F6E00004D656D6FBD
:10C100007279206D616E6167656D656E7420666120
:10C11000756C74206973206361757365642062793E
:10C120002064617461206163636573732076696F55
:10C130006C6174696F6E0000427573206661756C86
:10C140007420697320636175736564206279206966
:10C150006E737472756374696F6E20616363657367
:10C16000732076696F6C6174696F6E004D656D6FD9
:10C170007279206D616E6167656D656E74206661B0
:10C18000756C7420697320636175736564206279CE
:10C1900020696E737472756374696F6E2061636376
:10C1A0006573732076696F6C6174696F6E0000004F
:10C1B000427573206661756C7420697320636175C4
:10C1C00073656420627920666C6F6174696E672D97
:10C1D000706F696E74206C617A7920737461746514
:10C1E00020707265736572766174696F6E0000000D
:10C1F0004D656D6F7279206D616E6167656D656EFD
:10C2000074206661756C7420697320636175736551
:10C210006420627920666C6F6174696E672D706F3F
:10C22000696E74206C617A79207374617465207012
:10C230007265736572766174696F6E0055736167BC
:10C2400065206661756C7420697320636175736520
:10C250006420627920617474656D70747320746FEA
:10C26000206578656375746520616E20756E646500
:10C2700066696E656420696E737472756374696F44
:10C280006E0000005573616765206661756C7420EF
:10C2900069732063617573656420627920617474C9
:10C2A000656D70747320746F20657865637574654F
:10C2B000206120636F70726F636573736F722069A2
:10C2C0006E737472756374696F6E00005573616785
:10C2D00065206661756C7420697320636175736590
:10C2E0006420627920617474656D70747320746F5A
:10C2F00020646F20616E20657863657074696F6E6D
:10C3000020776974682061206261642076616C75B1
:10C310006520696E20746865204558435F52455416
:10C3200055524E206E756D62657200004275732025
:10C330006661756C74206973206361757365642030
:10C34000627920737461636B696E67206572726FC6
:10C35000720000004D656D6F7279206D616E6167CE
:10C36000656D656E74206661756C742069732063F9
:10C37000617573656420627920737461636B696EA3
:10C3800067206572726F7200427573206661756C0A
:10C390007420697320636175736564206279207508
:10C3A0006E737461636B696E67206572726F720081
:10C3B0004D656D6F7279206D616E6167656D656E3B
:10C3C00074206661756C7420697320636175736590
:10C3D0006420627920756E737461636B696E672087
:10C3E0006572726F7200000044756D702063616C3D
:10C3F0006C20737461636B2068617320616E2065CB
:10C4000072726F72000000004669726D776172652A
:10C41000206E616D653A2025732C20686172647707
:10C420006172652076657273696F6E3A2025732C90
:10C4300020736F6674776172652076657273696FB9
:10C440006E3A2025730000004661756C74206F6E93
:10C450002074687265616420257300004173736500
:10C460007274206F6E207468726561642025730099
:10C4700053686F77206D6F72652063616C6C2073F9
:10C480007461636B20696E666F2062792072756ECD
:10C490003A2061646472326C696E65202D652025D6
:10C4A000732573202D61202D6620252E2A73000010
:10C4B0004661756C74206F6E20696E74657272755A
:10C4C0007074206F722062617265206D6574616C9A
:10C4D000286E6F204F532920656E7669726F6E6DDE
:10C4E000656E7400417373657274206F6E20696E9F
:10C4F00074657272757074206F722062617265204B
:10C500006D6574616C286E6F204F532920656E76BF
:10C5100069726F6E6D656E74000000004572726F17
:10C52000723A2054687265616420737461636B2889
:10C53000253038782920776173206F766572666CB4
:10C540006F7700004572726F723A204D61696E20FC
:10C55000737461636B2825303878292077617320E4
:10C560006F766572666C6F77000000005468652016
:10C57000627573206661756C74206F636375727287
:10C58000656420616464726573732069732025306B
:10C5900038780000546865206D656D6F7279206D84
:10C5A000616E6167656D656E74206661756C74207F
:10C5B0006F6363757272656420616464726573731E
:10C5C00020697320253038780000000018C7000863
:10C5D00000000020F00000000002000808C8000869
:10C5E000F0000020986A00001C0200081C000000F7
:10C5F00043000000F8FFFFFF0C0000000E000000E9
:10C600000F0000002E000000100100004300000099
:10C61000F8FFFFFF00404040404040404040414163
:10C620004141414040404040404040404040404007
:10C6300040404040400502020202020202020202A1
:10C64000020202020220202020202020202020029E
:10C65000020202020202909090909090101010102E
:10C6600010101010101010101010101010101010CA
:10C67000020202020202888888888888080808085E
:10C68000080808080808080808080808080808082A
:10C690000202020240000000000000000000000052
:10C6A000000000000000000000000000000000008A
:10C6B000000000000000000000000000000000007A
:10C6C000000000000000000000000000000000006A
:10C6D000000000000000000000000000000000005A
:10C6E000000000000000000000000000000000004A
:10C6F000000000000000000000000000000000003A
:10C700000000000000000000000000000000000029
:10C710000000000000000000000000000000000019
:10C720000000000000000000000000000000000009
:10C7300000000000000000001000000001000000E8
:10C740000024F40038BD000840BD00084CBD0008BE
:10C7500044BD00083CBD000848BD000800000000C2
:10C7600000000000000000000000000000000000C9
:10C7700000000000000000000000000000000000B9
:10C7800000000000000000000000000000000000A9
:10C790000000000000000000000000000000000099
:10C7A0000000000000000000000000000000000089
:10C7B0000000000000000000000000000000000079
:10C7C0000000000000000000000000000000000069
:10C7D0000000000000000000000000000000000059
:10C7E0000000000000000000000000000000000049
:10C7F000000000000000000000000000AAAAAAAA91
:08C80000000000000000000030
:04000005080001C529
:00000001FF
